"FacilityID";"ProvinceCode";"DistrictCode";"FacilityCode";"FacilityName";"FullFacilityCode";"FullFacilityCodeDashes"
1;0;"A";"01";"Avondale Clinic";"000A01";"00-0A-01"
2;0;"A";"02";"Arcadia P.C.C.";"000A02";"00-0A-02"
3;0;"A";"03";"Bank Street P.C.C.";"000A03";"00-0A-03"
4;0;"A";"05";"Belvedere F.H.C.";"000A05";"00-0A-05"
5;0;"A";"06";"Borrowdale F.H.C.";"000A06";"00-0A-06"
6;0;"A";"07";"Borrowdale P.C.C.";"000A07";"00-0A-07"
7;0;"A";"08";"Braeside F.H.C.";"000A08";"00-0A-08"
8;0;"A";"09";"Budiriro Polyclinic";"000A09";"00-0A-09"
9;0;"A";"0A";"Mbuya Nehanda";"000A0A";"00-0A-0A"
10;0;"A";"0B";"Psychriatic Unit";"000A0B";"00-0A-0B"
11;0;"A";"0C";"Beatrice Rd.Infectio";"000A0C";"00-0A-0C"
12;0;"A";"0D";"Wilkins Infectious H";"000A0D";"00-0A-0D"
13;0;"A";"0E";"St.Annes";"000A0E";"00-0A-0E"
14;0;"A";"0F";"Avenues Clinic";"000A0F";"00-0A-0F"
15;0;"A";"0U";"Harare City All Clinics";"000A0U";"00-0A-0U"
16;0;"A";"10";"Eastlea F.H.C.";"000A10";"00-0A-10"
17;0;"A";"11";"Glen Norah Satellite";"000A11";"00-0A-11"
18;0;"A";"12";"Glen Norah Polyclin.";"000A12";"00-0A-12"
19;0;"A";"13";"Glen View Polyclinic";"000A13";"00-0A-13"
20;0;"A";"14";"Glen View Satellite";"000A14";"00-0A-14"
21;0;"A";"15";"Greendale F.H.C.";"000A15";"00-0A-15"
22;0;"A";"16";"Hatcliffe F.H.C.";"000A16";"00-0A-16"
23;0;"A";"17";"Hatcliffe P.C.C.";"000A17";"00-0A-17"
24;0;"A";"18";"Highfield Polyclinic";"000A18";"00-0A-18"
25;0;"A";"19";"Kambuzuma Polyclinic";"000A19";"00-0A-19"
26;0;"A";"20";"Kuwadzana Polyclinic";"000A20";"00-0A-20"
27;0;"A";"21";"Mabelreign Satellite";"000A21";"00-0A-21"
28;0;"A";"22";"Mabvuku F.H.C.";"000A22";"00-0A-22"
29;0;"A";"23";"Mabvuku P.C.C.";"000A23";"00-0A-23"
30;0;"A";"24";"Marondera Polyclinic";"000A24";"00-0A-24"
31;0;"A";"25";"Matapi Clinic";"000A25";"00-0A-25"
32;0;"A";"26";"Mbare Hostels Clinic";"000A26";"00-0A-26"
33;0;"A";"27";"Mbare Polyclinic";"000A27";"00-0A-27"
34;0;"A";"28";"Mt.Pleasant P.C.C.";"000A28";"00-0A-28"
35;0;"A";"29";"Mufakose Polyclinic";"000A29";"00-0A-29"
36;0;"A";"30";"Parirenyatwa P.C.C.";"000A30";"00-0A-30"
37;0;"A";"31";"Queen Elisabeth Fhc.";"000A31";"00-0A-31"
38;0;"A";"32";"Rugare Clinic";"000A32";"00-0A-32"
39;0;"A";"33";"Rujeko Clinic";"000A33";"00-0A-33"
40;0;"A";"34";"Rutsanana Clinic";"000A34";"00-0A-34"
41;0;"A";"35";"Southerton P.C.C.";"000A35";"00-0A-35"
42;0;"A";"36";"Sunningdale F.H.C.";"000A36";"00-0A-36"
43;0;"A";"37";"Sunningdale P.C.C.";"000A37";"00-0A-37"
44;0;"A";"38";"Tafara Clinic";"000A38";"00-0A-38"
45;0;"A";"39";"Warren Park Polycli.";"000A39";"00-0A-39"
46;0;"A";"40";"Waterfalls F.H.C.";"000A40";"00-0A-40"
47;0;"A";"41";"Waterfalls P.C.C.";"000A41";"00-0A-41"
48;0;"A";"42";"Western Triangle Pcc";"000A42";"00-0A-42"
49;0;"A";"43";"Kg Six";"000A43";"00-0A-43"
50;0;"B";"01";"Seke South Clinic";"000B01";"00-0B-01"
51;0;"B";"02";"Seke North Clinic";"000B02";"00-0B-02"
52;0;"B";"03";"St.Mary's Clinic";"000B03";"00-0B-03"
53;0;"B";"04";"Zengeza Clinic";"000B04";"00-0B-04"
54;0;"B";"0B";"South Medical Hospital";"000B0B";"00-0B-0B"
55;0;"C";"01";"Chitungwiza Hospital";"000C01";"00-0C-01"
56;0;"D";"01";"Harare Cent Hosp";"000D01";"00-0D-01"
57;0;"D";"07";"Harare Hosp";"000D07";"00-0D-07"
58;0;"D";"0D";"Harare  Hosp";"000D0D";"00-0D-0D"
59;0;"E";"01";"Casualty";"000E01";"00-0E-01"
60;0;"E";"02";"Domestic Staff Clin.";"000E02";"00-0E-02"
61;0;"E";"03";"Family Planning";"000E03";"00-0E-03"
62;0;"E";"04";"Geriatric Centre";"000E04";"00-0E-04"
63;0;"E";"05";"G.M.O.";"000E05";"00-0E-05"
64;0;"E";"06";"O.P.D. (T)";"000E06";"00-0E-06"
65;0;"E";"07";"O.P.D. (Nt)";"000E07";"00-0E-07"
66;0;"E";"08";"Radiotherapy";"000E08";"00-0E-08"
67;0;"E";"09";"Sekuru Kaguvi";"000E09";"00-0E-09"
68;0;"E";"0E";"Parirenyatwa";"000E0E";"00-0E-0E"
69;0;"E";"10";"Staff Clinic";"000E10";"00-0E-10"
70;0;"F";"01";"Parirenyatwa Clinic";"000F01";"00-0F-01"
71;0;"F";"02";"Hatfield Clinic";"000F02";"00-0F-02"
72;0;"F";"03";"Arcadia Clinic";"000F03";"00-0F-03"
73;0;"F";"04";"Mabvuku Poly";"000F04";"00-0F-04"
74;0;"F";"05";"Highlands";"000F05";"00-0F-05"
75;0;"F";"06";"Mabvuku Satelite Clinic";"000F06";"00-0F-06"
76;0;"F";"07";"Borrowdale Clinic";"000F07";"00-0F-07"
77;0;"F";"08";"Mount Pleasant";"000F08";"00-0F-08"
78;0;"F";"09";"Hatcliffe Clinic";"000F09";"00-0F-09"
79;0;"F";"0C";"Beatrice Road Hosp";"000F0C";"00-0F-0C"
80;0;"F";"0D";"Wilkins Hospital";"000F0D";"00-0F-0D"
81;0;"F";"10";"Avondale Clinic";"000F10";"00-0F-10"
82;0;"F";"11";"Marlborough Satelite Clinic";"000F11";"00-0F-11"
83;0;"F";"12";"Mabelreign Satelite";"000F12";"00-0F-12"
84;0;"F";"13";"Rujeko Poly";"000F13";"00-0F-13"
85;0;"F";"14";"Belvedere Satelite";"000F14";"00-0F-14"
86;0;"F";"15";"Warren Park  Poly";"000F15";"00-0F-15"
87;0;"F";"16";"Kuwadzana Poly";"000F16";"00-0F-16"
88;0;"F";"17";"Kambuzuma Poly";"000F17";"00-0F-17"
89;0;"F";"18";"Southerton Clinic";"000F18";"00-0F-18"
90;0;"F";"19";"Highfield Poly";"000F19";"00-0F-19"
91;0;"F";"20";"Rutsanana Poly";"000F20";"00-0F-20"
92;0;"F";"21";"Western Triangle Clinic";"000F21";"00-0F-21"
93;0;"F";"22";"Glen Norah Satelite";"000F22";"00-0F-22"
94;0;"F";"23";"Glen View  Poly";"000F23";"00-0F-23"
95;0;"F";"24";"Glen View Satelite";"000F24";"00-0F-24"
96;0;"F";"25";"Mufakose Poly";"000F25";"00-0F-25"
97;0;"F";"26";"Budiriro Poly";"000F26";"00-0F-26"
98;0;"F";"27";"Mbare Poly ";"000F27";"00-0F-27"
99;0;"F";"28";"Matapi Clinic";"000F28";"00-0F-28"
100;0;"F";"29";"Mbare Hostels Clinic";"000F29";"00-0F-29"
101;0;"F";"30";"Sunningdale Clinic";"000F30";"00-0F-30"
102;0;"F";"31";"Waterfalls Clinic";"000F31";"00-0F-31"
103;0;"F";"32";"Hopley Clinic";"000F32";"00-0F-32"
104;0;"F";"33";"Private Institutions";"000F33";"00-0F-33"
105;1;"1";"02";"Betera R.H.C.";"010102";"01-01-02"
106;1;"1";"03";"Madzimbashuro R.H.C.";"010103";"01-01-03"
107;1;"1";"04";"Mombeyarara R.H.C.";"010104";"01-01-04"
108;1;"1";"05";"Murwira R.H.C.";"010105";"01-01-05"
109;1;"1";"06";"Zangama R.H.C.";"010106";"01-01-06"
110;1;"1";"0A";"Buhera Hospital";"01010A";"01-01-0A"
111;1;"1";"0B";"Birchenough Bridge H";"01010B";"01-01-0B"
112;1;"1";"0C";"Murambinda Hospital";"01010C";"01-01-0C"
113;1;"1";"0D";"Nyashanu Hospital";"01010D";"01-01-0D"
114;1;"1";"0E";"Viriri Hospital";"01010E";"01-01-0E"
115;1;"1";"16";"Mudawose";"010116";"01-01-16"
116;1;"1";"17";"Chimbudzi";"010117";"01-01-17"
117;1;"1";"18";"Garamwera";"010118";"01-01-18"
118;1;"1";"19";"Munyanyi";"010119";"01-01-19"
119;1;"1";"24";"Mudanda";"010124";"01-01-24"
120;1;"1";"25";"Bangure Clinic";"010125";"01-01-25"
121;1;"1";"26";"Chabata Clinic";"010126";"01-01-26"
122;1;"1";"27";"Chapanduka Clinic";"010127";"01-01-27"
123;1;"1";"28";"Chapwanya Clinic";"010128";"01-01-28"
124;1;"1";"29";"Chirozva Clinic";"010129";"01-01-29"
125;1;"1";"30";"Chiwenga Clinic";"010130";"01-01-30"
126;1;"1";"31";"Chiwese Clinic";"010131";"01-01-31"
127;1;"1";"32";"Gunura Clinic";"010132";"01-01-32"
128;1;"1";"33";"Gombe Clinic";"010133";"01-01-33"
129;1;"1";"34";"Mutepfe Clinic";"010134";"01-01-34"
130;1;"1";"35";"Mutiusinazita Clinic";"010135";"01-01-35"
131;1;"1";"36";"Muzokomba Clinic";"010136";"01-01-36"
132;1;"1";"37";"Nerutanga Clinic";"010137";"01-01-37"
133;1;"1";"38";"Rambanembasi Clinic";"010138";"01-01-38"
134;1;"1";"39";"Mumanyi R.H.C.";"010139";"01-01-39"
135;1;"1";"75";"Dorowa Clinic";"010175";"01-01-75"
136;1;"2";"01";"Bumba R.H.C.";"010201";"01-02-01"
137;1;"2";"02";"Changazi R.H.C.";"010202";"01-02-02"
138;1;"2";"03";"Chayamiti R.H.C.";"010203";"01-02-03"
139;1;"2";"04";"Chikukwa R.H.C.";"010204";"01-02-04"
140;1;"2";"05";"Nyahode Clinic";"010205";"01-02-05"
141;1;"2";"08";"Muchadziya R.H.C.";"010208";"01-02-08"
142;1;"2";"0A";"Biriviri Hospital";"01020A";"01-02-0A"
143;1;"2";"0B";"Nyanyadzi Hospital";"01020B";"01-02-0B"
144;1;"2";"0C";"Mutambara Hospital";"01020C";"01-02-0C"
145;1;"2";"0D";"Rusitu Hospital";"01020D";"01-02-0D"
146;1;"2";"0E";"Chimanimani Hospital";"01020E";"01-02-0E"
147;1;"2";"25";"Cashel Clinic";"010225";"01-02-25"
148;1;"2";"26";"Chakohwa Clinic";"010226";"01-02-26"
149;1;"2";"27";"Chikwakwa Clinic";"010227";"01-02-27"
150;1;"2";"29";"Gudyanga Clinic";"010229";"01-02-29"
151;1;"2";"30";"Mutsvangwa Clinic";"010230";"01-02-30"
152;1;"2";"31";"Ngorima Clinic";"010231";"01-02-31"
153;1;"2";"32";"Shinja Clinic";"010232";"01-02-32"
154;1;"2";"51";"Arda Rusitu Clinic";"010251";"01-02-51"
155;1;"2";"52";"Martin Forest";"010252";"01-02-52"
156;1;"2";"61";"Charter Clinic";"010261";"01-02-61"
157;1;"2";"62";"Chisengu Clinic";"010262";"01-02-62"
158;1;"2";"63";"Gwendingwe Clinic";"010263";"01-02-63"
159;1;"2";"64";"Roscommon Clinic";"010264";"01-02-64"
160;1;"2";"65";"Tarka Clinic";"010265";"01-02-65"
161;1;"2";"66";"Tilbury Clinic";"010266";"01-02-66"
162;1;"3";"03";"Chinyamukwakwa R.H.C";"010303";"01-03-03"
163;1;"3";"06";"Kopera R.H.C.";"010306";"01-03-06"
164;1;"3";"07";"Mabee R.H.C.";"010307";"01-03-07"
165;1;"3";"09";"Mahenye R.H.C.";"010309";"01-03-09"
166;1;"3";"0A";"Chipinge Hospital";"01030A";"01-03-0A"
167;1;"3";"0B";"Chikore Hospital";"01030B";"01-03-0B"
168;1;"3";"0C";"Mt.Selinda Hospital";"01030C";"01-03-0C"
169;1;"3";"0D";"St Peters";"01030D";"01-03-0D"
170;1;"3";"11";"Musiriswe R.H.C.";"010311";"01-03-11"
171;1;"3";"12";"Paidamoyo R.H.C.";"010312";"01-03-12"
172;1;"3";"14";"Tanganda R.H.C.";"010314";"01-03-14"
173;1;"3";"15";"Tongogara R.H.C.";"010315";"01-03-15"
174;1;"3";"16";"Tuzuka R.H.C.";"010316";"01-03-16"
175;1;"3";"17";"Z.R.P";"010317";"01-03-17"
176;1;"3";"18";"Chipinge Prisons Clinic";"010318";"01-03-18"
177;1;"3";"25";"Chibuwe Clinic";"010325";"01-03-25"
178;1;"3";"26";"Gumira Clinic";"010326";"01-03-26"
179;1;"3";"27";"Hwakwata Clinic";"010327";"01-03-27"
180;1;"3";"28";"Kondo Clinic";"010328";"01-03-28"
181;1;"3";"29";"Madhuko Clinic";"010329";"01-03-29"
182;1;"3";"30";"Manzvire Clinic";"010330";"01-03-30"
183;1;"3";"31";"Musani Clinic";"010331";"01-03-31"
184;1;"3";"32";"Mutandahwe Clinic";"010332";"01-03-32"
185;1;"3";"33";"Mutema Clinic";"010333";"01-03-33"
186;1;"3";"34";"Ngaone Clinic";"010334";"01-03-34"
187;1;"3";"35";"Rimbi Clinic";"010335";"01-03-35"
188;1;"3";"36";"Veneka Clinic";"010336";"01-03-36"
189;1;"3";"37";"Zamuchia Clinic";"010337";"01-03-37"
190;1;"3";"38";"Chichichi R.H.C.";"010338";"01-03-38"
191;1;"3";"39";"Chisuma R.H.C.";"010339";"01-03-39"
192;1;"3";"40";"Maparadza Clinic";"010340";"01-03-40"
193;1;"3";"45";"Chipangayi Clinic";"010345";"01-03-45"
194;1;"3";"46";"Chiriga Clinic";"010346";"01-03-46"
195;1;"3";"47";"Gaza Clinic";"010347";"01-03-47"
196;1;"3";"48";"Junction Gate Clinic";"010348";"01-03-48"
197;1;"3";"49";"Chipinge Town Clinic";"010349";"01-03-49"
198;1;"3";"50";"Tamandayi Clinic";"010350";"01-03-50"
199;1;"3";"61";"Arda Chisumbanje Clinic";"010361";"01-03-61"
200;1;"3";"62";"Clearwater Clinic";"010362";"01-03-62"
201;1;"3";"64";"Jersey Clinic";"010364";"01-03-64"
202;1;"3";"65";"Midsave Clinic";"010365";"01-03-65"
203;1;"3";"66";"New Year's Gift Cli.";"010366";"01-03-66"
204;1;"3";"67";"Silver Stream Clinic";"010367";"01-03-67"
205;1;"3";"68";"Smalldeel Clinic";"010368";"01-03-68"
206;1;"3";"69";"Southdown Clinic";"010369";"01-03-69"
207;1;"3";"70";"Takwirira Clinic";"010370";"01-03-70"
208;1;"3";"71";"Ratelshoek Clinic";"010371";"01-03-71"
209;1;"3";"72";"Zona Clinic";"010372";"01-03-72"
210;1;"3";"90";"Gwenzi Clinic";"010390";"01-03-90"
211;1;"4";"01";"Bamba R.H.C.";"010401";"01-04-01"
212;1;"4";"02";"Chikobvore R.H.C.";"010402";"01-04-02"
213;1;"4";"03";"Chinhenga R.H.C.";"010403";"01-04-03"
214;1;"4";"04";"Chinyika I R.H.C.";"010404";"01-04-04"
215;1;"4";"05";"Chinyika Ii R.H.C.";"010405";"01-04-05"
216;1;"4";"06";"Chinyudze R.H.C.";"010406";"01-04-06"
217;1;"4";"07";"Groobi Spring R.H.C.";"010407";"01-04-07"
218;1;"4";"09";"Gowakowa R.H.C.";"010409";"01-04-09"
219;1;"4";"0A";"Rusape Hospital";"01040A";"01-04-0A"
220;1;"4";"0B";"Weya Hospital";"01040B";"01-04-0B"
221;1;"4";"0C";"Makoni Hospital";"01040C";"01-04-0C"
222;1;"4";"0D";"Nedewedzo Hospital";"01040D";"01-04-0D"
223;1;"4";"0E";"St.Micheal's Tanda H";"01040E";"01-04-0E"
224;1;"4";"0F";"St.Therese's Hospita";"01040F";"01-04-0F"
225;1;"4";"10";"Katsenga R.H.C.";"010410";"01-04-10"
226;1;"4";"11";"Maparura R.H.C";"010411";"01-04-11"
227;1;"4";"12";"Masvosva R.H.C.";"010412";"01-04-12"
228;1;"4";"13";"Matotwe R.H.C.";"010413";"01-04-13"
229;1;"4";"14";"Mayo I R.H.C.";"010414";"01-04-14"
230;1;"4";"15";"Mayo Ii R.H.C.";"010415";"01-04-15"
231;1;"4";"18";"Nyahowe R.H.C.";"010418";"01-04-18"
232;1;"4";"19";"Nyahukwe R.H.C";"010419";"01-04-19"
233;1;"4";"20";"Nyamukamani R.H.C.";"010420";"01-04-20"
234;1;"4";"25";"Chiduku Clinic";"010425";"01-04-25"
235;1;"4";"26";"Chikore Clinic";"010426";"01-04-26"
236;1;"4";"27";"Nyazura Clinic";"010427";"01-04-27"
237;1;"4";"28";"Dowa Clinic";"010428";"01-04-28"
238;1;"4";"29";"Dumbabwe Clinic";"010429";"01-04-29"
239;1;"4";"30";"Matsika Clinic";"010430";"01-04-30"
240;1;"4";"31";"Nyamidzi Clinic";"010431";"01-04-31"
241;1;"4";"32";"Mukamba Clinic";"010432";"01-04-32"
242;1;"4";"33";"Rukweza Clinic";"010433";"01-04-33"
243;1;"4";"34";"Tandi Clinic";"010434";"01-04-34"
244;1;"4";"35";"Toriro Clinic";"010435";"01-04-35"
245;1;"4";"36";"Tsanzaguru Clinic";"010436";"01-04-36"
246;1;"4";"37";"Era Mine Clinic";"010437";"01-04-37"
247;1;"4";"38";"Maurice Nyagumbo";"010438";"01-04-38"
248;1;"4";"39";"Mufusire";"010439";"01-04-39"
249;1;"4";"40";"Headlands Clinic";"010440";"01-04-40"
250;1;"4";"41";"Mubvurungwa Clinic";"010441";"01-04-41"
251;1;"4";"42";"Vengere Clinic";"010442";"01-04-42"
252;1;"4";"43";"Ringanayi";"010443";"01-04-43"
253;1;"4";"44";"Mavhudzi Clinic";"010444";"01-04-44"
254;1;"4";"45";"Chinyadza Clinic";"010445";"01-04-45"
255;1;"4";"46";"Nyamusosa Clinic";"010446";"01-04-46"
256;1;"4";"47";"Sangano";"010447";"01-04-47"
257;1;"4";"49";"Vengere Clinic";"010449";"01-04-49"
258;1;"4";"74";"Rusape Prison";"010474";"01-04-74"
259;1;"4";"75";"ZRP Rusape";"010475";"01-04-75"
260;1;"4";"76";"Inyathi Mine";"010476";"01-04-76"
261;1;"4";"81";"Mukuwapasi Rehab";"010481";"01-04-81"
262;1;"4";"82";"Mukuwapasi Clinic";"010482";"01-04-82"
263;1;"4";"91";"Nyazura Mission Clinic";"010491";"01-04-91"
264;1;"4";"92";"Arnoldine Mission Cl";"010492";"01-04-92"
265;1;"5";"01";"Bwizi R.H.C.";"010501";"01-05-01"
266;1;"5";"02";"Chiadzwa R.H.C.";"010502";"01-05-02"
267;1;"5";"03";"Mavhiza";"010503";"01-05-03"
268;1;"5";"04";"Gutaurare R.H.C.";"010504";"01-05-04"
269;1;"5";"05";"Gwindingwi R.H.C.";"010505";"01-05-05"
270;1;"5";"06";"Muromo R.H.C.";"010506";"01-05-06"
271;1;"5";"07";"Murowa R.H.C.";"010507";"01-05-07"
272;1;"5";"09";"Mt Zuma";"010509";"01-05-09"
273;1;"5";"0A";"Mutare Provincial Hospital";"01050A";"01-05-0A"
274;1;"5";"0B";"Mutare Infectious Hospital";"01050B";"01-05-0B"
275;1;"5";"0C";"Sakubva Hospital";"01050C";"01-05-0C"
276;1;"5";"0D";"Sakubva Infectious Hospital";"01050D";"01-05-0D"
277;1;"5";"0E";"Marange Hospital";"01050E";"01-05-0E"
278;1;"5";"0F";"St.Andrew's Hospital";"01050F";"01-05-0F"
279;1;"5";"0G";"St.Joseph's Hospital";"01050G";"01-05-0G"
280;1;"5";"11";"Nyagundi R.H.C.";"010511";"01-05-11"
281;1;"5";"12";"Nyamazura R.H.C.";"010512";"01-05-12"
282;1;"5";"13";"Zvipiripiri R.H.C.";"010513";"01-05-13"
283;1;"5";"15";"Vumba";"010515";"01-05-15"
284;1;"5";"16";"Z.R.P";"010516";"01-05-16"
285;1;"5";"18";"Chitora";"010518";"01-05-18"
286;1;"5";"20";"Matanda";"010520";"01-05-20"
287;1;"5";"21";"Leekuyl Takunda";"010521";"01-05-21"
288;1;"5";"23";"Army Dependent";"010523";"01-05-23"
289;1;"5";"24";"Arda Odzi";"010524";"01-05-24"
290;1;"5";"25";"Bakorenhema Clinic";"010525";"01-05-25"
291;1;"5";"26";"Bezely Bridge Clinic";"010526";"01-05-26"
292;1;"5";"27";"Chipfatsura Clinic";"010527";"01-05-27"
293;1;"5";"29";"Chitakatira Clinic";"010529";"01-05-29"
294;1;"5";"30";"Mambwere Clinic";"010530";"01-05-30"
295;1;"5";"31";"Masasi Clinic";"010531";"01-05-31"
296;1;"5";"32";"Mutare Prison Farm Clinic";"010532";"01-05-32"
297;1;"5";"33";"Mkwada Clinic";"010533";"01-05-33"
298;1;"5";"34";"Chitaka Clinic";"010534";"01-05-34"
299;1;"5";"35";"Mushunje Clinic";"010535";"01-05-35"
300;1;"5";"36";"Nzvenga Clinic";"010536";"01-05-36"
301;1;"5";"37";"Rowa Clinic";"010537";"01-05-37"
302;1;"5";"38";"Odzi Clinic";"010538";"01-05-38"
303;1;"5";"39";"Zimunya Clinic";"010539";"01-05-39"
304;1;"5";"40";"Zumbare Clinic";"010540";"01-05-40"
305;1;"5";"41";"Dora";"010541";"01-05-41"
306;1;"5";"43";"Chishingwi";"010543";"01-05-43"
307;1;"5";"44";"Chipendereke";"010544";"01-05-44"
308;1;"5";"45";"Burma Valley Clinic";"010545";"01-05-45"
309;1;"5";"61";"City Health Clinic";"010561";"01-05-61"
310;1;"5";"62";"Chikanga Clinic";"010562";"01-05-62"
311;1;"5";"63";"Dangamvura Clinic";"010563";"01-05-63"
312;1;"5";"64";"Sakubva Health Centre";"010564";"01-05-64"
313;1;"5";"65";"Florida Clinic";"010565";"01-05-65"
314;1;"5";"66";"Fern Valley Clinic";"010566";"01-05-66"
315;1;"5";"84";"Mapofu Clinic";"010584";"01-05-84"
316;1;"5";"91";"Chikwariro Clinic";"010591";"01-05-91"
317;1;"6";"01";"Chavhanga R.H.C.";"010601";"01-06-01"
318;1;"6";"02";"Rupinda R.H.C.";"010602";"01-06-02"
319;1;"6";"03";"Sherukuru R.H.C.";"010603";"01-06-03"
320;1;"6";"04";"Tsonzo R.H.C.";"010604";"01-06-04"
321;1;"6";"0A";"Tsonzo Hospital";"01060A";"01-06-0A"
322;1;"6";"0B";"Bonda Hospital";"01060B";"01-06-0B"
323;1;"6";"0C";"Old Mutare Hospital";"01060C";"01-06-0C"
324;1;"6";"0D";"St.Barbara Hospital";"01060D";"01-06-0D"
325;1;"6";"0E";"Triashill Hospital";"01060E";"01-06-0E"
326;1;"6";"0F";"Hauna District Hospital";"01060F";"01-06-0F"
327;1;"6";"25";"Chitombo Clinic";"010625";"01-06-25"
328;1;"6";"26";"Guta Clinic";"010626";"01-06-26"
329;1;"6";"27";"Hauna Clinic";"010627";"01-06-27"
330;1;"6";"28";"Mandeya Clinic";"010628";"01-06-28"
331;1;"6";"29";"Mpotedzi Clinic";"010629";"01-06-29"
332;1;"6";"30";"Mt.Jenya Clinic";"010630";"01-06-30"
333;1;"6";"31";"Mutasa Clinic";"010631";"01-06-31"
334;1;"6";"32";"Mwoyoweshumba Clinic";"010632";"01-06-32"
335;1;"6";"33";"Ngarura Clinic";"010633";"01-06-33"
336;1;"6";"34";"Ruda Clinic";"010634";"01-06-34"
337;1;"6";"35";"Rumbizi Clinic";"010635";"01-06-35"
338;1;"6";"36";"Sachisuko Clinic";"010636";"01-06-36"
339;1;"6";"37";"Sadziwa Clinic";"010637";"01-06-37"
340;1;"6";"38";"Sagambe Clinic";"010638";"01-06-38"
341;1;"6";"39";"Sahumani Clinic";"010639";"01-06-39"
342;1;"6";"40";"Sakupwanya Clinic";"010640";"01-06-40"
343;1;"6";"41";"Samanga Clinic";"010641";"01-06-41"
344;1;"6";"42";"Samaringa Clinic";"010642";"01-06-42"
345;1;"6";"43";"Zongoro Clinic";"010643";"01-06-43"
346;1;"6";"61";"Aberfoyle Tea Estate";"010661";"01-06-61"
347;1;"6";"62";"Chingamwe Clinic";"010662";"01-06-62"
348;1;"6";"63";"Eastern Highlands 1";"010663";"01-06-63"
349;1;"6";"64";"Eastern Highlands 5";"010664";"01-06-64"
350;1;"6";"65";"Haparari";"010665";"01-06-65"
351;1;"6";"66";"Forestry Clinic";"010666";"01-06-66"
352;1;"6";"67";"Katiyo Tea Estate";"010667";"01-06-67"
353;1;"6";"68";"Selbourne Clinic";"010668";"01-06-68"
354;1;"6";"69";"Drenane Clinic";"010669";"01-06-69"
355;1;"6";"70";"Imbeza Clinic";"010670";"01-06-70"
356;1;"6";"71";"Redwing Clinic";"010671";"01-06-71"
357;1;"6";"72";"Sheba Clinic";"010672";"01-06-72"
358;1;"6";"73";"Stapleford Clinic";"010673";"01-06-73"
359;1;"6";"74";"Eastern Highlands Pl Clinic";"010674";"01-06-74"
360;1;"6";"91";"Gatsi Clinic";"010691";"01-06-91"
361;1;"6";"92";"Honde Mission Clinic";"010692";"01-06-92"
362;1;"6";"93";"St.Augustines";"010693";"01-06-93"
363;1;"6";"94";"St.Peter's Mandeya";"010694";"01-06-94"
364;1;"6";"96";"Mapara";"010696";"01-06-96"
365;1;"6";"97";"Jombe";"010697";"01-06-97"
366;1;"6";"98";"Premier Central Clinic";"010698";"01-06-98"
367;1;"7";"02";"Dombo R.H.C.";"010702";"01-07-02"
368;1;"7";"03";"Fombe R.H.C.";"010703";"01-07-03"
369;1;"7";"04";"Gairezi R.H.C.";"010704";"01-07-04"
370;1;"7";"05";"Gotekote R.H.C.";"010705";"01-07-05"
371;1;"7";"06";"Nyarumvurwe R.H.C.";"010706";"01-07-06"
372;1;"7";"07";"Matize R.H.C.";"010707";"01-07-07"
373;1;"7";"09";"Nyamombe Camp R.H.C.";"010709";"01-07-09"
374;1;"7";"0A";"Nyanga District Hosp";"01070A";"01-07-0A"
375;1;"7";"0B";"Avilla Hospital";"01070B";"01-07-0B"
376;1;"7";"0C";"Elim Hospital";"01070C";"01-07-0C"
377;1;"7";"0D";"Mt.Mellery Hospital";"01070D";"01-07-0D"
378;1;"7";"0E";"Regina Coeli Hospita";"01070E";"01-07-0E"
379;1;"7";"10";"Nyautare R.H.C.";"010710";"01-07-10"
380;1;"7";"11";"Ruchera R.H.C.";"010711";"01-07-11"
381;1;"7";"25";"Chatindo Clinic";"010725";"01-07-25"
382;1;"7";"26";"Chiwarira Clinic";"010726";"01-07-26"
383;1;"7";"27";"Nyamaropa Clinic";"010727";"01-07-27"
384;1;"7";"29";"Kambudzi Clinic";"010729";"01-07-29"
385;1;"7";"30";"Nyatate Clinic";"010730";"01-07-30"
386;1;"7";"31";"Sabvure Clinic";"010731";"01-07-31"
387;1;"7";"32";"Tombo Clinic";"010732";"01-07-32"
388;1;"7";"45";"Mobile Clinic";"010745";"01-07-45"
389;1;"7";"61";"Nyangau Clinic";"010761";"01-07-61"
390;1;"7";"62";"Nyafaru Clinic";"010762";"01-07-62"
391;1;"7";"63";"Erim Forest Estate";"010763";"01-07-63"
392;1;"7";"91";"Nyangombe Clinic";"010791";"01-07-91"
393;1;"7";"92";"Claremont Estate Clinic";"010792";"01-07-92"
394;1;"7";"94";"Nyadowa Clinic";"010794";"01-07-94"
395;2;"1";"01";"Chiveso R.H.C.";"020101";"02-01-01"
396;2;"1";"02";"Muonwe R.H.C.";"020102";"02-01-02"
397;2;"1";"03";"Prison Clinic";"020103";"02-01-03"
398;2;"1";"04";"Bindura Polyclinic";"020104";"02-01-04"
399;2;"1";"05";"Z.R.P. Clinic";"020105";"02-01-05"
400;2;"1";"0A";"Bindura Provincial";"02010A";"02-01-0A"
401;2;"1";"25";"Musana Clinic";"020125";"02-01-25"
402;2;"1";"26";"Nyava Clinic";"020126";"02-01-26"
403;2;"1";"45";"Chiriseri Clinic";"020145";"02-01-45"
404;2;"1";"46";"Manhenga Clinic";"020146";"02-01-46"
405;2;"1";"61";"Rusununguko Clinic";"020161";"02-01-61"
406;2;"1";"62";"Chipadze Clinic";"020162";"02-01-62"
407;2;"1";"63";"Chiwaridzo Clinic";"020163";"02-01-63"
408;2;"1";"75";"Freda Rebecca";"020175";"02-01-75"
409;2;"1";"76";"Trojan Nickel Clinic";"020176";"02-01-76"
410;2;"1";"77";"Farm Health Scheme";"020177";"02-01-77"
411;2;"1";"78";"Foothills";"020178";"02-01-78"
412;2;"1";"79";"Busce Clinic";"020179";"02-01-79"
413;2;"1";"80";"Mupandira R H C";"020180";"02-01-80"
414;2;"1";"81";"ZNFPC Clinic";"020181";"02-01-81"
415;2;"1";"82";"Rutope Clinic";"020182";"02-01-82"
416;2;"1";"83";"Manga R H C";"020183";"02-01-83"
417;2;"2";"01";"Chawarura R.H.C.";"020201";"02-02-01"
418;2;"2";"02";"Hoya R.H.C.";"020202";"02-02-02"
419;2;"2";"03";"Machaya R.H.C.";"020203";"02-02-03"
420;2;"2";"04";"Muzarabani R.H.C.";"020204";"02-02-04"
421;2;"2";"07";"Chidikamwedzi Clinic";"020207";"02-02-07"
422;2;"2";"08";"Chinyani Clinic";"020208";"02-02-08"
423;2;"2";"0A";"St.Albert's";"02020A";"02-02-0A"
424;2;"2";"25";"Hwata Clinic";"020225";"02-02-25"
425;2;"2";"26";"Dambakurima Clinic";"020226";"02-02-26"
426;2;"2";"45";"David Nelson Clinic";"020245";"02-02-45"
427;2;"2";"81";"Farm Health Scheme";"020281";"02-02-81"
428;2;"2";"85";"Chadereka R.H.C";"020285";"02-02-85"
429;2;"3";"01";"Bvochora R.H.C.";"020301";"02-03-01"
430;2;"3";"02";"Masoka R.H.C";"020302";"02-03-02"
431;2;"3";"03";"Mashumbi Pools R.H.C";"020303";"02-03-03"
432;2;"3";"04";"Masomo R.H.C";"020304";"02-03-04"
433;2;"3";"05";"Negomo R.H.C.";"020305";"02-03-05"
434;2;"3";"06";"Nyamhondoro R.H.C.";"020306";"02-03-06"
435;2;"3";"07";"Shinje R.H.C.";"020307";"02-03-07"
436;2;"3";"0A";"Mvirwi";"02030A";"02-03-0A"
437;2;"3";"0B";"Guruve";"02030B";"02-03-0B"
438;2;"3";"0C";"Chitsungo";"02030C";"02-03-0C"
439;2;"3";"25";"Angwa R.H.C.";"020325";"02-03-25"
440;2;"3";"26";"Bakasa R.H.C.";"020326";"02-03-26"
441;2;"3";"27";"Bepura R.H.C";"020327";"02-03-27"
442;2;"3";"28";"Chapoto R.H.C.";"020328";"02-03-28"
443;2;"3";"29";"Chipuriro R.H.C.";"020329";"02-03-29"
444;2;"3";"30";"Gonono R.H.C.";"020330";"02-03-30"
445;2;"3";"31";"Kachuta R.H.C.";"020331";"02-03-31"
446;2;"3";"32";"Mahuwe R.H.C.";"020332";"02-03-32"
447;2;"3";"33";"Matsvitsi R.H.C.";"020333";"02-03-33"
448;2;"3";"34";"Gota R.H.C";"020334";"02-03-34"
449;2;"3";"35";"Musengezi R.H.C";"020335";"02-03-35"
450;2;"3";"36";"ZRP";"020336";"02-03-36"
451;2;"3";"37";"FHS";"020337";"02-03-37"
452;2;"3";"38";"Chikafa R.H.C";"020338";"02-03-38"
453;2;"3";"39";"Nyakapupu R.H.C";"020339";"02-03-39"
454;2;"3";"40";"Chirunya R.H.C";"020340";"02-03-40"
455;2;"3";"41";"Chidodo R.H.C";"020341";"02-03-41"
456;2;"3";"42";"Nyambudzi R.H.C";"020342";"02-03-42"
457;2;"3";"43";"Ruyamuro R.H.C";"020343";"02-03-43"
458;2;"4";"01";"Chinehasha R.H.C.";"020401";"02-04-01"
459;2;"4";"02";"Nyakudya R.H.C.";"020402";"02-04-02"
460;2;"4";"03";"Shutu R.H.C.";"020403";"02-04-03"
461;2;"4";"04";"Hatcliffe Extension Clinic";"020404";"02-04-04"
462;2;"4";"05";"Montgomery Clinic";"020405";"02-04-05"
463;2;"4";"06";"Donje Clinic";"020406";"02-04-06"
464;2;"4";"07";"Cranham Extension Clinic";"020407";"02-04-07"
465;2;"4";"08";"Adura Clinic";"020408";"02-04-08"
466;2;"4";"09";"Danbery Park Clinic";"020409";"02-04-09"
467;2;"4";"0A";"Concession";"02040A";"02-04-0A"
468;2;"4";"0B";"Rosa";"02040B";"02-04-0B"
469;2;"4";"0C";"Howard";"02040C";"02-04-0C"
470;2;"4";"0D";"Mazowe Citrus";"02040D";"02-04-0D"
471;2;"4";"0E";"Mvurwi Hospital";"02040E";"02-04-0E"
472;2;"4";"10";"Davaar Clinic";"020410";"02-04-10"
473;2;"4";"11";"Von Abo Clinic";"020411";"02-04-11"
474;2;"4";"25";"Bare Clinic";"020425";"02-04-25"
475;2;"4";"26";"Gunguwe Clinic";"020426";"02-04-26"
476;2;"4";"27";"Jingamvura Clinic";"020427";"02-04-27"
477;2;"4";"28";"Makope Clinic";"020428";"02-04-28"
478;2;"4";"29";"Mukodzongi Clinic";"020429";"02-04-29"
479;2;"4";"30";"Christon Bank Clinic";"020430";"02-04-30"
480;2;"4";"31";"Mvurwi Fhc";"020431";"02-04-31"
481;2;"4";"32";"Nzvimbo Clinic";"020432";"02-04-32"
482;2;"4";"45";"Belgownie Clinic";"020445";"02-04-45"
483;2;"4";"46";"Home Eden Clinic";"020446";"02-04-46"
484;2;"4";"47";"Tsungubvi Clinic";"020447";"02-04-47"
485;2;"4";"75";"Henderson Clinic";"020475";"02-04-75"
486;2;"4";"76";"Iron Duke Clinic";"020476";"02-04-76"
487;2;"4";"77";"Mazowe Mine Clinic";"020477";"02-04-77"
488;2;"4";"78";"Stories Clinic";"020478";"02-04-78"
489;2;"4";"81";"Hatcliffe";"020481";"02-04-81"
490;2;"4";"82";"Nemc";"020482";"02-04-82"
491;2;"4";"83";"Montgomery C.C";"020483";"02-04-83"
492;2;"4";"84";"Dambo Clinic";"020484";"02-04-84"
493;2;"4";"85";"Forrester Clinic";"020485";"02-04-85"
494;2;"4";"86";"Mazowe Secondary Clinic";"020486";"02-04-86"
495;2;"5";"01";"Dotito R.H.C.";"020501";"02-05-01"
496;2;"5";"02";"Kamutsenzere R.H.C.";"020502";"02-05-02"
497;2;"5";"03";"Mukumbura R.H.C.";"020503";"02-05-03"
498;2;"5";"04";"Nyamahobogo R.H.C.";"020504";"02-05-04"
499;2;"5";"05";"Pfunyangowu R.H.C.";"020505";"02-05-05"
500;2;"5";"06";"Tsakare R.H.C.";"020506";"02-05-06"
501;2;"5";"07";"Mutungagore Clinic";"020507";"02-05-07"
502;2;"5";"08";"Mutasa Clinic";"020508";"02-05-08"
503;2;"5";"09";"Chiburi Clinic";"020509";"02-05-09"
504;2;"5";"0A";"Mt.Darwin";"02050A";"02-05-0A"
505;2;"5";"0B";"Karanda Hospital";"02050B";"02-05-0B"
506;2;"5";"10";"Amanda Clinic";"020510";"02-05-10"
507;2;"5";"25";"Chahwanda R.H.C.";"020525";"02-05-25"
508;2;"5";"26";"Kaitano R.H.C.";"020526";"02-05-26"
509;2;"5";"27";"Nembire R.H.C.";"020527";"02-05-27"
510;2;"5";"28";"Pachanza Clinic";"020528";"02-05-28"
511;2;"5";"29";"Bveke Clinic";"020529";"02-05-29"
512;2;"5";"30";"ZRP Clinic";"020530";"02-05-30"
513;2;"5";"31";"ZPS Clinic";"020531";"02-05-31"
514;2;"5";"32";"Matope Clinic";"020532";"02-05-32"
515;2;"5";"33";"Bandimba R.H.C.";"020533";"02-05-33"
516;2;"6";"01";"Mukosa R.H.C.";"020601";"02-06-01"
517;2;"6";"02";"Mukonde R.H.C.";"020602";"02-06-02"
518;2;"6";"03";"Nhawa R.H.C.";"020603";"02-06-03"
519;2;"6";"04";"Rushinga R.H.C.";"020604";"02-06-04"
520;2;"6";"05";"Mazowe Camp";"020605";"02-06-05"
521;2;"6";"06";"Nyamatikiti Camp";"020606";"02-06-06"
522;2;"6";"07";"Chimandau R.H.C.";"020607";"02-06-07"
523;2;"6";"0A";"Chimhanda Hospital";"02060A";"02-06-0A"
524;2;"6";"0B";"Mary Mount";"02060B";"02-06-0B"
525;2;"6";"25";"Bungwe Clinic";"020625";"02-06-25"
526;2;"6";"26";"Rusambo Clinic";"020626";"02-06-26"
527;2;"6";"27";"Chimhanda Clinic";"020627";"02-06-27"
528;2;"7";"01";"Nyamaruro R.H.C.";"020701";"02-07-01"
529;2;"7";"02";"Chinduduma Primary";"020702";"02-07-02"
530;2;"7";"03";"Chishapa Clinic";"020703";"02-07-03"
531;2;"7";"04";"Goora R.H.C.";"020704";"02-07-04"
532;2;"7";"05";"Mupfurudzi R.H.C.";"020705";"02-07-05"
533;2;"7";"0A";"Shamva District Hosp";"02070A";"02-07-0A"
534;2;"7";"0B";"Madziwa Rural Hospital";"02070B";"02-07-0B"
535;2;"7";"12";"Wadzanai Clinic";"020712";"02-07-12"
536;2;"7";"25";"Bushu Clinic";"020725";"02-07-25"
537;2;"7";"26";"Chidembo Clinic";"020726";"02-07-26"
538;2;"7";"27";"Chihuri Clinic";"020727";"02-07-27"
539;2;"7";"45";"Mobile Clinic";"020745";"02-07-45"
540;2;"7";"75";"Madziwa Mine Clinic";"020775";"02-07-75"
541;2;"7";"76";"Shamwa Gold Mine";"020776";"02-07-76"
542;2;"8";"01";"Masoka R.H.C.";"020801";"02-08-01"
543;2;"8";"02";"Masomo R.H.C.";"020802";"02-08-02"
544;2;"8";"03";"Mushumbi R.H.C.";"020803";"02-08-03"
545;2;"8";"0B";"Chitsungo Mission Hospital";"02080B";"02-08-0B"
546;2;"8";"20";"Chapoto R.H.C.";"020820";"02-08-20"
547;2;"8";"21";"Angwa R.H.C.";"020821";"02-08-21"
548;2;"8";"30";"Chikafa R.H.C.";"020830";"02-08-30"
549;2;"8";"31";"Gonono R.H.C.";"020831";"02-08-31"
550;2;"8";"32";"Musengezi R.H.C.";"020832";"02-08-32"
551;2;"8";"33";"Mahuwe R.H.C.";"020833";"02-08-33"
552;2;"8";"34";"Chirunya R.H.C.";"020834";"02-08-34"
553;2;"8";"35";"Nyambudzi R.H.C.";"020835";"02-08-35"
554;2;"8";"41";"Chidodo R.H.C.";"020841";"02-08-41"
555;3;"1";"01";"Mufudziwakanaka R.H.C..";"030101";"03-01-01"
556;3;"1";"02";"Murezi R.H.C.";"030102";"03-01-02"
557;3;"1";"03";"Nyamhere R.H.C.";"030103";"03-01-03"
558;3;"1";"04";"Zvamatobwe R.H.C.";"030104";"03-01-04"
559;3;"1";"05";"Range R.H.C.";"030105";"03-01-05"
560;3;"1";"0A";"Chivu Hospital";"03010A";"03-01-0A"
561;3;"1";"0B";"Nharira Hospital";"03010B";"03-01-0B"
562;3;"1";"0C";"Range Hospital";"03010C";"03-01-0C"
563;3;"1";"0D";"Sadza Hospital";"03010D";"03-01-0D"
564;3;"1";"0E";"Gandachibvuva Hospital";"03010E";"03-01-0E"
565;3;"1";"25";"Bvumbura Clinic";"030125";"03-01-25"
566;3;"1";"26";"Gokomere Clinic";"030126";"03-01-26"
567;3;"1";"27";"Madamombe Clinic";"030127";"03-01-27"
568;3;"1";"28";"Manyene Clinic";"030128";"03-01-28"
569;3;"1";"29";"Masasa Clinic";"030129";"03-01-29"
570;3;"1";"30";"Mbiru Clinic";"030130";"03-01-30"
571;3;"1";"31";"Mushore Clinic";"030131";"03-01-31"
572;3;"1";"32";"Nhangembwe Clinic";"030132";"03-01-32"
573;3;"1";"33";"Pokoteke Clinic";"030133";"03-01-33"
574;3;"1";"34";"Rutanhira Clinic";"030134";"03-01-34"
575;3;"1";"35";"Shumba Clinic";"030135";"03-01-35"
576;3;"1";"36";"Unyetu Clinic";"030136";"03-01-36"
577;3;"1";"37";"Wazvaramhaka Clinic";"030137";"03-01-37"
578;3;"1";"45";"Chivu Clinic";"030145";"03-01-45"
579;3;"1";"46";"Gandami Clinic";"030146";"03-01-46"
580;3;"1";"47";"Lancshire Clinic";"030147";"03-01-47"
581;3;"1";"48";"Mutoro Clinic";"030148";"03-01-48"
582;3;"1";"49";"Wiltshire Clinic";"030149";"03-01-49"
583;3;"1";"91";"Daramombe Clinic";"030191";"03-01-91"
584;3;"1";"92";"Mwerahari Clinic";"030192";"03-01-92"
585;3;"2";"01";"Bosha R.H.C.";"030201";"03-02-01"
586;3;"2";"02";"Domboshava R.H.C.";"030202";"03-02-02"
587;3;"2";"03";"Mwanza R.H.C.";"030203";"03-02-03"
588;3;"2";"04";"Rusununguko Clinic";"030204";"03-02-04"
589;3;"2";"0A";"Makumbe District Hospital";"03020A";"03-02-0A"
590;3;"2";"0C";"Ruwa Hospital";"03020C";"03-02-0C"
591;3;"2";"0D";"Chikwaka Hospital";"03020D";"03-02-0D"
592;3;"2";"25";"Chinamhora Clinic";"030225";"03-02-25"
593;3;"2";"26";"Chinyika Clinic";"030226";"03-02-26"
594;3;"2";"27";"Kowowo Clinic";"030227";"03-02-27"
595;3;"2";"28";"Masukandoro Clinic";"030228";"03-02-28"
596;3;"2";"29";"Nyawure Clinic";"030229";"03-02-29"
597;3;"2";"30";"Pote Clinic";"030230";"03-02-30"
598;3;"2";"45";"Bromley Clinic";"030245";"03-02-45"
599;3;"2";"46";"Cranborne Clinic";"030246";"03-02-46"
600;3;"2";"47";"Henry John Rheimer Clinic";"030247";"03-02-47"
601;3;"2";"48";"Kubatsirana Clinic";"030248";"03-02-48"
602;3;"2";"49";"Rusike Clinic";"030249";"03-02-49"
603;3;"2";"50";"Ruwa Clinic";"030250";"03-02-50"
604;3;"2";"51";"Joan Rankini Clinic";"030251";"03-02-51"
605;3;"2";"52";"St Joseph Clinic";"030252";"03-02-52"
606;3;"2";"75";"Acturus Clinic";"030275";"03-02-75"
607;3;"3";"01";"Kafura R.H.C.";"030301";"03-03-01"
608;3;"3";"02";"Karimbika R.H.C.";"030302";"03-03-02"
609;3;"3";"03";"Sowa R.H.C.";"030303";"03-03-03"
610;3;"3";"04";"Marembera R.H.C.";"030304";"03-03-04"
611;3;"3";"0A";"Mutawatawa District Hospital";"03030A";"03-03-0A"
612;3;"3";"25";"Borera Clinic";"030325";"03-03-25"
613;3;"3";"26";"Chikuhwa Clinic";"030326";"03-03-26"
614;3;"3";"27";"Chipfunde Clinic";"030327";"03-03-27"
615;3;"3";"28";"Chitimbe Clinic";"030328";"03-03-28"
616;3;"3";"29";"Chitsungo Clinic";"030329";"03-03-29"
617;3;"3";"30";"Manyika Clinic";"030330";"03-03-30"
618;3;"3";"31";"Maramba Clinic";"030331";"03-03-31"
619;3;"3";"32";"Mashambanhaka Clinic";"030332";"03-03-32"
620;3;"3";"33";"Nhakiwa Clinic";"030333";"03-03-33"
621;3;"3";"34";"Nyakasoro Clinic";"030334";"03-03-34"
622;3;"3";"36";"Nyanzou Clinic";"030336";"03-03-36"
623;3;"3";"37";"Muskwe Clinic";"030337";"03-03-37"
624;3;"3";"91";"Dindi Clinic";"030391";"03-03-91"
625;3;"4";"01";"Garaba R.H.C.";"030401";"03-04-01"
626;3;"4";"02";"Goneso R.H.C.";"030402";"03-04-02"
627;3;"4";"03";"Goto R.H.C.";"030403";"03-04-03"
628;3;"4";"04";"Makanda R.H.C.";"030404";"03-04-04"
629;3;"4";"05";"Sengezi R.H.C.";"030405";"03-04-05"
630;3;"4";"0A";"Hwedza Hospital";"03040A";"03-04-0A"
631;3;"4";"0B";"Mt. St.Mary's";"03040B";"03-04-0B"
632;3;"4";"25";"Chigondo R.H.C.";"030425";"03-04-25"
633;3;"4";"26";"Masikana Clinic";"030426";"03-04-26"
634;3;"4";"27";"Mukamba R.H.C.";"030427";"03-04-27"
635;3;"4";"45";"Chikurumadziva Clinic";"030445";"03-04-45"
636;3;"4";"46";"Makarara Clinic";"030446";"03-04-46"
637;3;"4";"47";"Zviduri Clinic";"030447";"03-04-47"
638;3;"5";"01";"Border Church R.H.C.";"030501";"03-05-01"
639;3;"5";"02";"Chimbwanda R.H.C.";"030502";"03-05-02"
640;3;"5";"03";"Dimbiti R.H.C.";"030503";"03-05-03"
641;3;"5";"04";"Kushinga Pikelela";"030504";"03-05-04"
642;3;"5";"05";"Mudzimurema R.H.C.";"030505";"03-05-05"
643;3;"5";"06";"Winimbi R.H.C.";"030506";"03-05-06"
644;3;"5";"0A";"Marondera Provincial Hospital";"03050A";"03-05-0A"
645;3;"5";"0B";"Chiota Hospital";"03050B";"03-05-0B"
646;3;"5";"11";"Prisons Marondera";"030511";"03-05-11"
647;3;"5";"12";"Z.R.P. Clinic";"030512";"03-05-12"
648;3;"5";"25";"Masikana Clinic";"030525";"03-05-25"
649;3;"5";"28";"Marondera Rural Clinic";"030528";"03-05-28"
650;3;"5";"29";"Chipararwe Clinic";"030529";"03-05-29"
651;3;"5";"45";"Igava Clinic";"030545";"03-05-45"
652;3;"5";"46";"Marondera Clinic";"030546";"03-05-46"
653;3;"5";"61";"Dombotombo Clinic";"030561";"03-05-61"
654;3;"5";"62";"Nyameni Clinic";"030562";"03-05-62"
655;3;"5";"63";"Nyembanzvere Clinic";"030563";"03-05-63"
656;3;"5";"86";"Waddilove";"030586";"03-05-86"
657;3;"5";"88";"Rakodzi Clinic";"030588";"03-05-88"
658;3;"6";"01";"Chimukoko R.H.C.";"030601";"03-06-01"
659;3;"6";"02";"Chiunye R.H.C.";"030602";"03-06-02"
660;3;"6";"03";"Gozi R.H.C.";"030603";"03-06-03"
661;3;"6";"04";"Kondo R.H.C.";"030604";"03-06-04"
662;3;"6";"05";"Makaha R.H.C.";"030605";"03-06-05"
663;3;"6";"06";"Msarakufa R.H.C.";"030606";"03-06-06"
664;3;"6";"07";"Nyamanyoka R.H.C.";"030607";"03-06-07"
665;3;"6";"0A";"Kotwa Hospital";"03060A";"03-06-0A"
666;3;"6";"25";"St Pius Clinic";"030625";"03-06-25"
667;3;"6";"26";"Kapotese Clinic";"030626";"03-06-26"
668;3;"6";"27";"Kotwa Clinic";"030627";"03-06-27"
669;3;"6";"28";"Masenda Clinic";"030628";"03-06-28"
670;3;"6";"29";"Nyamapanda Clinic";"030629";"03-06-29"
671;3;"6";"30";"Nyamatawa Clinic";"030630";"03-06-30"
672;3;"6";"31";"Nyamukoho Clinic";"030631";"03-06-31"
673;3;"6";"32";"Shinga Clinic";"030632";"03-06-32"
674;3;"6";"33";"Suswe Clinic";"030633";"03-06-33"
675;3;"6";"34";"Chisvo Clinic";"030634";"03-06-34"
676;3;"6";"91";"Chikwizo Clinic";"030691";"03-06-91"
677;3;"6";"92";"Dendera Clinic";"030692";"03-06-92"
678;3;"6";"93";"Nyahuku Clinic";"030693";"03-06-93"
679;3;"7";"01";"Chitate R.H.C.";"030701";"03-07-01"
680;3;"7";"02";"Chitowa R.H.C.";"030702";"03-07-02"
681;3;"7";"03";"Jekwa R.H.C.";"030703";"03-07-03"
682;3;"7";"04";"Kadenge R.H.C.";"030704";"03-07-04"
683;3;"7";"05";"Madamombe R.H.C.";"030705";"03-07-05"
684;3;"7";"06";"Munamba R.H.C.";"030706";"03-07-06"
685;3;"7";"07";"Z.P.S Clinic";"030707";"03-07-07"
686;3;"7";"08";"ZRP Mrewa  clinic";"030708";"03-07-08"
687;3;"7";"0A";"Murewa Hospital";"03070A";"03-07-0A"
688;3;"7";"0B";"St.Paul's Musami";"03070B";"03-07-0B"
689;3;"7";"0C";"Nhowe Mission Hospital";"03070C";"03-07-0C"
690;3;"7";"22";"Murewa Polyclinic";"030722";"03-07-22"
691;3;"7";"23";"Chitowa 1 Clinic";"030723";"03-07-23"
692;3;"7";"24";"Chitowa 2 Clinic";"030724";"03-07-24"
693;3;"7";"25";"Dandara R.H.C.";"030725";"03-07-25"
694;3;"7";"26";"Dombwe R.H.C.";"030726";"03-07-26"
695;3;"7";"27";"Kadzere R.H.C.";"030727";"03-07-27"
696;3;"7";"28";"Nyamutumbu R.H.C.";"030728";"03-07-28"
697;3;"7";"29";"Shambamuto R.H.C.";"030729";"03-07-29"
698;3;"7";"30";"Craiglea Clinic";"030730";"03-07-30"
699;3;"7";"31";"Matututu Clinic";"030731";"03-07-31"
700;3;"7";"32";"Ngwerume clinic";"030732";"03-07-32"
701;3;"7";"45";"Macheke Clinic";"030745";"03-07-45"
702;3;"7";"46";"Virginia Clinic";"030746";"03-07-46"
703;3;"7";"47";"Waterloo Clinic";"030747";"03-07-47"
704;3;"7";"49";"Kambarami clinic";"030749";"03-07-49"
705;3;"7";"50";"Muchinjike clinic";"030750";"03-07-50"
706;3;"7";"71";"Nohoreka Clinic";"030771";"03-07-71"
707;3;"7";"72";"Goso clinic ";"030772";"03-07-72"
708;3;"8";"01";"Hoyuyu I R.H.C";"030801";"03-08-01"
709;3;"8";"02";"Hoyuyu Ii R.H.C.";"030802";"03-08-02"
710;3;"8";"03";"Kapondoro R.H.C.";"030803";"03-08-03"
711;3;"8";"04";"Katsukunya R.H.C.";"030804";"03-08-04"
712;3;"8";"05";"Kawere R.H.C.";"030805";"03-08-05"
713;3;"8";"06";"Mushimbo R.H.C.";"030806";"03-08-06"
714;3;"8";"07";"Nyamuzizi R.H.C.";"030807";"03-08-07"
715;3;"8";"08";"Nyadiri R.H.C.";"030808";"03-08-08"
716;3;"8";"09";"Kushimga R.H.C.";"030809";"03-08-09"
717;3;"8";"0A";"Mutoko Hospital";"03080A";"03-08-0A"
718;3;"8";"0B";"Nyamuzuwe Hospital";"03080B";"03-08-0B"
719;3;"8";"0C";"Makosa Hospital";"03080C";"03-08-0C"
720;3;"8";"0D";"Nyadiri Mission Hospital";"03080D";"03-08-0D"
721;3;"8";"0E";"Luisa Guidotti";"03080E";"03-08-0E"
722;3;"8";"10";"Nzira R.H.C.";"030810";"03-08-10"
723;3;"8";"11";"Mutoko Prison Clinic";"030811";"03-08-11"
724;3;"8";"20";"Epi Mobile";"030820";"03-08-20"
725;3;"8";"21";"ZNFPC Clinic";"030821";"03-08-21"
726;3;"8";"25";"Charehwa Clinic";"030825";"03-08-25"
727;3;"8";"26";"Matedza Clinic";"030826";"03-08-26"
728;3;"8";"27";"Mother Of Peace Clinic";"030827";"03-08-27"
729;3;"8";"61";"Mutemwa Leprosy Settl. Clinic";"030861";"03-08-61"
730;3;"8";"91";"Chindenga Clinic";"030891";"03-08-91"
731;3;"8";"98";"Kowo Clinic";"030898";"03-08-98"
732;3;"8";"99";"Kawazva Clinic";"030899";"03-08-99"
733;3;"9";"01";"Acton Reynolds R.H.C";"030901";"03-09-01"
734;3;"9";"02";"Zhakata R.H.C.";"030902";"03-09-02"
735;3;"9";"03";"ZRP Clinic";"030903";"03-09-03"
736;3;"9";"04";"Ringa Clinic";"030904";"03-09-04"
737;3;"9";"05";"Masasa R.H.C.";"030905";"03-09-05"
738;3;"9";"06";"Epi Unit";"030906";"03-09-06"
739;3;"9";"07";"Cbd Clinic";"030907";"03-09-07"
740;3;"9";"0A";"Beatrice Rural Hospital";"03090A";"03-09-0A"
741;3;"9";"0B";"Kunaka Hospital";"03090B";"03-09-0B"
742;3;"9";"21";"Charakupa Clinic";"030921";"03-09-21"
743;3;"9";"22";"Jonas Clinic";"030922";"03-09-22"
744;3;"9";"23";"Makanyazingwa Clinic";"030923";"03-09-23"
745;3;"9";"24";"Marirangwe Clinic";"030924";"03-09-24"
746;3;"9";"25";"Muda Clinic";"030925";"03-09-25"
747;3;"9";"26";"Epworth Polyclinic";"030926";"03-09-26"
748;3;"9";"45";"Christon Bank";"030945";"03-09-45"
749;3;"9";"81";"Arbor Acres Clinic";"030981";"03-09-81"
750;3;"9";"82";"Gilston Clinic";"030982";"03-09-82"
751;3;"9";"83";"Derbyshire Clinic";"030983";"03-09-83"
752;3;"9";"84";"Lanark Clinic";"030984";"03-09-84"
753;3;"9";"90";"Epworth Mission Clinic";"030990";"03-09-90"
754;4;"1";"01";"Chibero R.H.C.";"040101";"04-01-01"
755;4;"1";"02";"Gora R.H.C.";"040102";"04-01-02"
756;4;"1";"03";"Mbyuanehanda R.H.C.";"040103";"04-01-03"
757;4;"1";"04";"Monera R.H.C.";"040104";"04-01-04"
758;4;"1";"05";"Msengezi R.H.C.";"040105";"04-01-05"
759;4;"1";"06";"Musinami R.H.C.";"040106";"04-01-06"
760;4;"1";"0A";"Chegutu Hospital";"04010A";"04-01-0A"
761;4;"1";"0B";"Mhondoro Hospital";"04010B";"04-01-0B"
762;4;"1";"0C";"Norton Selous Hospital";"04010C";"04-01-0C"
763;4;"1";"25";"Chikara Clinic";"040125";"04-01-25"
764;4;"1";"26";"Chivero Clinic";"040126";"04-01-26"
765;4;"1";"27";"Mhondoro North Clin.";"040127";"04-01-27"
766;4;"1";"28";"Mupawose Clinic";"040128";"04-01-28"
767;4;"1";"29";"Rwizi Clinic";"040129";"04-01-29"
768;4;"1";"30";"Watyoka Clinic";"040130";"04-01-30"
769;4;"1";"45";"Chegutu Clinic";"040145";"04-01-45"
770;4;"1";"46";"Dombwe Clinic";"040146";"04-01-46"
771;4;"1";"47";"Kutanga-Utano Clinic";"040147";"04-01-47"
772;4;"1";"48";"Sandringham Clinic";"040148";"04-01-48"
773;4;"1";"49";"Selous Clinic";"040149";"04-01-49"
774;4;"1";"51";"David Whitehead";"040151";"04-01-51"
775;4;"1";"52";"Hunyani Pulp Clinic";"040152";"04-01-52"
776;4;"1";"61";"Pfupajena Munic Clinic";"040161";"04-01-61"
777;4;"1";"62";"Chinengundu Clinic";"040162";"04-01-62"
778;4;"1";"76";"Zmdc Clinic";"040176";"04-01-76"
779;4;"1";"77";"Lismore Clinic";"040177";"04-01-77"
780;4;"1";"78";"Homedale Clinic";"040178";"04-01-78"
781;4;"1";"79";"Mafuti Clinic";"040179";"04-01-79"
782;4;"1";"80";"Brunswick Clinic";"040180";"04-01-80"
783;4;"1";"81";"Dadle Hall";"040181";"04-01-81"
784;4;"1";"82";"CBDS";"040182";"04-01-82"
785;4;"1";"83";"Suri Suri Airbase Clinic";"040183";"04-01-83"
786;4;"1";"84";"Chegutu Hospital FCH";"040184";"04-01-84"
787;4;"2";"01";"Chirundu R.H.C.";"040201";"04-02-01"
788;4;"2";"02";"Chivende R.H.C.";"040202";"04-02-02"
789;4;"2";"04";"Marongora R.H.C.";"040204";"04-02-04"
790;4;"2";"05";"Masanga R.H.C.";"040205";"04-02-05"
791;4;"2";"06";"Zvipani R.H.C.";"040206";"04-02-06"
792;4;"2";"0A";"Karoi Hospital";"04020A";"04-02-0A"
793;4;"2";"0B";"Hurungwe Hospital";"04020B";"04-02-0B"
794;4;"2";"0C";"Mwani Hospital";"04020C";"04-02-0C"
795;4;"2";"0D";"Chidamoyo Hospital";"04020D";"04-02-0D"
796;4;"2";"25";"Chinhere Clinic";"040225";"04-02-25"
797;4;"2";"26";"Chundu Clinic";"040226";"04-02-26"
798;4;"2";"27";"Kasangarare Clinic";"040227";"04-02-27"
799;4;"2";"28";"Nyamakate Clinic";"040228";"04-02-28"
800;4;"2";"29";"Nyamhunga Clinic";"040229";"04-02-29"
801;4;"2";"45";"Helwin Clinic";"040245";"04-02-45"
802;4;"2";"46";"Hesketh Clinic";"040246";"04-02-46"
803;4;"2";"47";"Mashongwe Clinic";"040247";"04-02-47"
804;4;"2";"48";"Nyangoma Clinic";"040248";"04-02-48"
805;4;"2";"49";"Tengwe Clinic";"040249";"04-02-49"
806;4;"2";"61";"Karoi Static Clinic";"040261";"04-02-61"
807;4;"2";"75";"Lynx Clinic";"040275";"04-02-75"
808;4;"2";"91";"Kapfunde Clinic";"040291";"04-02-91"
809;4;"2";"92";"Karoi Hospital Mobile";"040292";"04-02-92"
810;4;"2";"93";"Hurungwe RCD Mobile";"040293";"04-02-93"
811;4;"2";"94";"Kasimure Clinic";"040294";"04-02-94"
812;4;"2";"96";"Dete";"040296";"04-02-96"
813;4;"2";"97";"Lanlory";"040297";"04-02-97"
814;4;"2";"98";"ZRP Clinic";"040298";"04-02-98"
815;4;"2";"99";"Doro";"040299";"04-02-99"
816;4;"3";"02";"Domboshava R.H.C.";"040302";"04-03-02"
817;4;"3";"03";"Donaine R.H.C.";"040303";"04-03-03"
818;4;"3";"04";"Geja R.H.C.";"040304";"04-03-04"
819;4;"3";"05";"Jompani R.H.C.";"040305";"04-03-05"
820;4;"3";"06";"Jondale Bunbe R.H.C.";"040306";"04-03-06"
821;4;"3";"07";"Kadoma Prison Clinic";"040307";"04-03-07"
822;4;"3";"08";"Muzvezve R.H.C.";"040308";"04-03-08"
823;4;"3";"09";"Nyabango R.H.C.";"040309";"04-03-09"
824;4;"3";"0A";"Kadoma Hospital";"04030A";"04-03-0A"
825;4;"3";"0B";"Ngezi Hospital";"04030B";"04-03-0B"
826;4;"3";"0C";"Sanyati Hospital";"04030C";"04-03-0C"
827;4;"3";"0D";"St.Michael's Hospita";"04030D";"04-03-0D"
828;4;"3";"0E";"Battlefields Hospita";"04030E";"04-03-0E"
829;4;"3";"0F";"Rimuka Mch.";"04030F";"04-03-0F"
830;4;"3";"10";"Nyamatani R.H.C.";"040310";"04-03-10"
831;4;"3";"11";"Vere R.H.C.";"040311";"04-03-11"
832;4;"3";"25";"Bururu Clinic";"040325";"04-03-25"
833;4;"3";"26";"Chirikiti Clinic";"040326";"04-03-26"
834;4;"3";"27";"Manyewe Clinic";"040327";"04-03-27"
835;4;"3";"28";"Murambwa Clinic";"040328";"04-03-28"
836;4;"3";"29";"Muwuyu Clinic";"040329";"04-03-29"
837;4;"3";"30";"Sanyati Clinic";"040330";"04-03-30"
838;4;"3";"31";"Associated Textile";"040331";"04-03-31"
839;4;"3";"45";"Chenjiri Clinic";"040345";"04-03-45"
840;4;"3";"46";"Ordolf Clinic";"040346";"04-03-46"
841;4;"3";"47";"Rubatsiro Clinic";"040347";"04-03-47"
842;4;"3";"48";"Turf Estate Clinic";"040348";"04-03-48"
843;4;"3";"52";"C.S.C. Satellite Clinic";"040352";"04-03-52"
844;4;"3";"53";"David Whitehead Cli.";"040353";"04-03-53"
845;4;"3";"54";"Kadoma Textiles Sat.";"040354";"04-03-54"
846;4;"3";"61";"Rimuka";"040361";"04-03-61"
847;4;"3";"62";"Waverly";"040362";"04-03-62"
848;4;"3";"63";"Ingezi";"040363";"04-03-63"
849;4;"3";"75";"Brompton Clinic";"040375";"04-03-75"
850;4;"3";"76";"Eiffel Flats Clinic";"040376";"04-03-76"
851;4;"3";"77";"Golden Valley Clinic";"040377";"04-03-77"
852;4;"3";"79";"Patchway Clinic";"040379";"04-03-79"
853;4;"3";"80";"Venice Clinic";"040380";"04-03-80"
854;4;"3";"81";"Jairos Jiri Clinic";"040381";"04-03-81"
855;4;"3";"83";"Population Services";"040383";"04-03-83"
856;4;"3";"84";"Mafindifindi";"040384";"04-03-84"
857;4;"3";"85";"Come Again Clinic";"040385";"04-03-85"
858;4;"3";"86";"Sanyati Outreach Cl";"040386";"04-03-86"
859;4;"3";"88";"Kadoma Outreach";"040388";"04-03-88"
860;4;"3";"89";"Chaigari Mine Clinic";"040389";"04-03-89"
861;4;"4";"02";"Gache-Gache R.H.C.";"040402";"04-04-02"
862;4;"4";"03";"Kanyati R.H.C.";"040403";"04-04-03"
863;4;"4";"04";"Mola Clinic";"040404";"04-04-04"
864;4;"4";"05";"Negande R.H.C.";"040405";"04-04-05"
865;4;"4";"0A";"Kariba Hospital";"04040A";"04-04-0A"
866;4;"4";"25";"Chalala Clinic";"040425";"04-04-25"
867;4;"4";"27";"Msampakaruwa Clinic";"040427";"04-04-27"
868;4;"4";"28";"Siyakobvu Clinic";"040428";"04-04-28"
869;4;"4";"61";"Nyamhunga";"040461";"04-04-61"
870;4;"4";"62";"Mahombekombe";"040462";"04-04-62"
871;4;"5";"01";"Chinhoyi Prison";"040501";"04-05-01"
872;4;"5";"02";"Chinhoyi Z.R.P.";"040502";"04-05-02"
873;4;"5";"03";"Chinhoyi (Teachers)";"040503";"04-05-03"
874;4;"5";"05";"Kamhonde R.H.C.";"040505";"04-05-05"
875;4;"5";"06";"Kenzamba R.H.C.";"040506";"04-05-06"
876;4;"5";"07";"Murereka R.H.C.";"040507";"04-05-07"
877;4;"5";"08";"Zumbara R.H.C.";"040508";"04-05-08"
878;4;"5";"0A";"Chinhoyi Provincial Hospital";"04050A";"04-05-0A"
879;4;"5";"0B";"St.Rupert's Hospital";"04050B";"04-05-0B"
880;4;"5";"0C";"Alaska Mine Hospital";"04050C";"04-05-0C"
881;4;"5";"0D";"Mhangura Mine Hospital";"04050D";"04-05-0D"
882;4;"5";"0P";"Chinhoyi Prov Hosp Opd";"04050P";"04-05-0P"
883;4;"5";"0Q";"Chinhoyi Prov Hosp Fch";"04050Q";"04-05-0Q"
884;4;"5";"25";"Hombwe Clinic";"040525";"04-05-25"
885;4;"5";"26";"Mukohwe Clinic";"040526";"04-05-26"
886;4;"5";"27";"Obva Clinic";"040527";"04-05-27"
887;4;"5";"45";"Doma Clinic";"040545";"04-05-45"
888;4;"5";"46";"Magog Farm Dispensar";"040546";"04-05-46"
889;4;"5";"47";"Matoranjera Clinic";"040547";"04-05-47"
890;4;"5";"48";"Umboe Clinic";"040548";"04-05-48"
891;4;"5";"51";"C.S.C.";"040551";"04-05-51"
892;4;"5";"61";"Chinoyi Clinic";"040561";"04-05-61"
893;4;"5";"62";"Chikonohono";"040562";"04-05-62"
894;4;"5";"75";"Alaska Clinic";"040575";"04-05-75"
895;4;"5";"76";"Damba Clinic";"040576";"04-05-76"
896;4;"5";"77";"Shacleton Clinic";"040577";"04-05-77"
897;4;"6";"01";"Chivhere R.H.C.";"040601";"04-06-01"
898;4;"6";"02";"Gwebi R.H.C.";"040602";"04-06-02"
899;4;"6";"0A";"Banket Hospital Opd";"04060A";"04-06-0A"
900;4;"6";"0B";"Banket Hospital Mch";"04060B";"04-06-0B"
901;4;"6";"0C";"Darwendale Hospital";"04060C";"04-06-0C"
902;4;"6";"0D";"Raffingora Hospital";"04060D";"04-06-0D"
903;4;"6";"0E";"Father O'hea";"04060E";"04-06-0E"
904;4;"6";"0F";"Mutorashanga Mine H.";"04060F";"04-06-0F"
905;4;"6";"0G";"Zvimba Hospital";"04060G";"04-06-0G"
906;4;"6";"0H";"Banket Outreach";"04060H";"04-06-0H"
907;4;"6";"25";"Masiyarwa Clinic";"040625";"04-06-25"
908;4;"6";"26";"Chirau Clinic";"040626";"04-06-26"
909;4;"6";"27";"Jari Clinic";"040627";"04-06-27"
910;4;"6";"28";"Madzorera Clinic";"040628";"04-06-28"
911;4;"6";"29";"Mpumbu Clinic";"040629";"04-06-29"
912;4;"6";"41";"Ada Sisi Clinic";"040641";"04-06-41"
913;4;"6";"42";"Ayshire Clinic";"040642";"04-06-42"
914;4;"6";"43";"Kutama Clinic";"040643";"04-06-43"
915;4;"6";"44";"Kuwadzana Clinic";"040644";"04-06-44"
916;4;"6";"45";"Mt.Hampden Clinic";"040645";"04-06-45"
917;4;"6";"46";"Nyabira Clinic";"040646";"04-06-46"
918;4;"6";"47";"T.R.B. Clinic";"040647";"04-06-47"
919;4;"6";"48";"Trelawny Clinic";"040648";"04-06-48"
920;4;"6";"49";"Zowa Clinic";"040649";"04-06-49"
921;4;"6";"75";"Caesar Clinic";"040675";"04-06-75"
922;4;"6";"76";"Muriel Clinic";"040676";"04-06-76"
923;4;"6";"77";"Sutton Clinic";"040677";"04-06-77"
924;4;"6";"78";"Vanad Clinic";"040678";"04-06-78"
925;5;"1";"01";"Chunga R.H.C.";"050101";"05-01-01"
926;5;"1";"02";"Lubimbi R.H.C.";"050102";"05-01-02"
927;5;"1";"03";"Lusulu R.H.C.";"050103";"05-01-03"
928;5;"1";"04";"Muchesu R.H.C.";"050104";"05-01-04"
929;5;"1";"05";"Siansundu R.H.C.";"050105";"05-01-05"
930;5;"1";"08";"Chinego R.H.C.";"050108";"05-01-08"
931;5;"1";"0A";"Binga Hospital";"05010A";"05-01-0A"
932;5;"1";"0B";"Siabuwa Hospital";"05010B";"05-01-0B"
933;5;"1";"0C";"Kariyangwe Hospital";"05010C";"05-01-0C"
934;5;"1";"25";"Pashu Clinic";"050125";"05-01-25"
935;5;"1";"90";"Tinde Clinic";"050190";"05-01-90"
936;5;"2";"01";"Lukala R.H.C.";"050201";"05-02-01"
937;5;"2";"02";"Membeswana R.H.C.";"050202";"05-02-02"
938;5;"2";"0A";"Inyathi Hospital";"05020A";"05-02-0A"
939;5;"2";"26";"Siganda Clinic";"050226";"05-02-26"
940;5;"2";"27";"Balanda Clinic";"050227";"05-02-27"
941;5;"2";"28";"Majiji Clinic";"050228";"05-02-28"
942;5;"2";"56";"Isabella Clinic";"050256";"05-02-56"
943;5;"3";"01";"Chisuma R.H.C.";"050301";"05-03-01"
944;5;"3";"02";"Jambezi R.H.C.";"050302";"05-03-02"
945;5;"3";"03";"Kanyambizi R.H.C.";"050303";"05-03-03"
946;5;"3";"04";"Mwakandara R.H.C.";"050304";"05-03-04"
947;5;"3";"05";"Mwemba R.H.C.";"050305";"05-03-05"
948;5;"3";"06";"ZRP Victoria Falls Clinic";"050306";"05-03-06"
949;5;"3";"0A";"Victoria Falls Hospital";"05030A";"05-03-0A"
950;5;"3";"0B";"Lukosi Hospital";"05030B";"05-03-0B"
951;5;"3";"0C";"Kamativi Tin Hospit.";"05030C";"05-03-0C"
952;5;"3";"0D";"Hwange Collery Hospital";"05030D";"05-03-0D"
953;5;"3";"26";"Dete Clinic";"050326";"05-03-26"
954;5;"3";"27";"Dinde Clinic";"050327";"05-03-27"
955;5;"3";"30";"Lupote Clinic";"050330";"05-03-30"
956;5;"3";"31";"Main Camp Clinic";"050331";"05-03-31"
957;5;"3";"32";"Ndlovu Clinic";"050332";"05-03-32"
958;5;"3";"33";"Simangane Clinic";"050333";"05-03-33"
959;5;"3";"34";"Vic.Falls Clinic";"050334";"05-03-34"
960;5;"3";"35";"Mabale Clinic";"050335";"05-03-35"
961;5;"3";"36";"Robins Clinic";"050336";"05-03-36"
962;5;"3";"37";"St Patricks Hospital";"050337";"05-03-37"
963;5;"3";"39";"CBDS [ZNFPC]";"050339";"05-03-39"
964;5;"3";"53";"Hwange  Prison Clinic";"050353";"05-03-53"
965;5;"3";"55";"Hwange ZRP Clinic";"050355";"05-03-55"
966;5;"3";"58";"Zesa Dr  Stn Clinic";"050358";"05-03-58"
967;5;"3";"59";"Zesa Chibondo";"050359";"05-03-59"
968;5;"3";"60";"Zesa Inguminja Cli.";"050360";"05-03-60"
969;5;"3";"61";"Empumalanga";"050361";"05-03-61"
970;5;"3";"62";"Chinotimba";"050362";"05-03-62"
971;5;"3";"81";"Dete Clinic (Nrz)";"050381";"05-03-81"
972;5;"3";"82";"Ngumija Clinic (Nrz)";"050382";"05-03-82"
973;5;"3";"83";"N.R.Z. Surgery (Nrz)";"050383";"05-03-83"
974;5;"3";"91";"Lukunguni Clinic";"050391";"05-03-91"
975;5;"4";"02";"Dandanda R.H.C.";"050402";"05-04-02"
976;5;"4";"03";"Dongamuzi R.H.C.";"050403";"05-04-03"
977;5;"4";"04";"Gomoza R.H.C.";"050404";"05-04-04"
978;5;"4";"05";"Kanyandavu R.H.C.";"050405";"05-04-05"
979;5;"4";"06";"Lupane R.H.C.";"050406";"05-04-06"
980;5;"4";"07";"Lupaka Clinic";"050407";"05-04-07"
981;5;"4";"08";"Mobile A";"050408";"05-04-08"
982;5;"4";"0A";"St.Paul's Hospital";"05040A";"05-04-0A"
983;5;"4";"0B";"St.Luke's Hospital";"05040B";"05-04-0B"
984;5;"4";"10";"ZNFPC";"050410";"05-04-10"
985;5;"4";"26";"Jotsholo Clinic";"050426";"05-04-26"
986;5;"4";"27";"Mdlankuzi Clinic";"050427";"05-04-27"
987;5;"4";"91";"Fatima Mission";"050491";"05-04-91"
988;5;"5";"02";"Mateme R.H.C.";"050502";"05-05-02"
989;5;"5";"03";"Ngwaladi R.H.C.";"050503";"05-05-03"
990;5;"5";"05";"Sivalo R.H.C.";"050505";"05-05-05"
991;5;"5";"06";"Zenka R.H.C.";"050506";"05-05-06"
992;5;"5";"0A";"Nkayi Hospital";"05050A";"05-05-0A"
993;5;"5";"0B";"Dakamela Hospital";"05050B";"05-05-0B"
994;5;"5";"0C";"Mbuma Hospital";"05050C";"05-05-0C"
995;5;"5";"25";"Fanisoni Clinic";"050525";"05-05-25"
996;5;"5";"26";"Nesingwe Clinic";"050526";"05-05-26"
997;5;"5";"27";"Sebhumane Clinic";"050527";"05-05-27"
998;5;"5";"28";"Sikhobokhobo Clinic";"050528";"05-05-28"
999;5;"5";"29";"Zinyangeni Clinic";"050529";"05-05-29"
1000;5;"5";"30";"Nkayi Mobile";"050530";"05-05-30"
1001;5;"5";"31";"Mbuma Mobile";"050531";"05-05-31"
1002;5;"5";"32";"Guwe Clinic";"050532";"05-05-32"
1003;5;"5";"33";"Gwelutshena Clinic";"050533";"05-05-33"
1004;5;"5";"34";"Sesemba Clinic";"050534";"05-05-34"
1005;5;"6";"03";"Makhaza R.H.C.";"050603";"05-06-03"
1006;5;"6";"04";"Mlagisa R.H.C.";"050604";"05-06-04"
1007;5;"6";"05";"Mtshayeli R.H.C.";"050605";"05-06-05"
1008;5;"6";"06";"Sodaka R.H.C.";"050606";"05-06-06"
1009;5;"6";"0A";"Tsholotsho Hospital";"05060A";"05-06-0A"
1010;5;"6";"0B";"Siphepha Hospital";"05060B";"05-06-0B"
1011;5;"6";"0C";"Phumula Hospital";"05060C";"05-06-0C"
1012;5;"6";"25";"Bhubhudhe Clinic";"050625";"05-06-25"
1013;5;"6";"26";"Dlamini Clinic";"050626";"05-06-26"
1014;5;"6";"28";"Jimila Clinic";"050628";"05-06-28"
1015;5;"6";"29";"Madlangombe Clinic";"050629";"05-06-29"
1016;5;"6";"30";"Nkunzi Clinic";"050630";"05-06-30"
1017;5;"6";"31";"Tsholotsho Urban Clinic";"050631";"05-06-31"
1018;5;"6";"94";"Cbd [ZNFPC]";"050694";"05-06-94"
1019;5;"6";"96";"Kapane R.H.C.";"050696";"05-06-96"
1020;5;"6";"97";"Mpanedziba R.H.C.";"050697";"05-06-97"
1021;5;"6";"98";"Sikente R.H.C.";"050698";"05-06-98"
1022;5;"7";"03";"Igusi";"050703";"05-07-03"
1023;5;"7";"0A";"Nyamandlovu Hospital";"05070A";"05-07-0A"
1024;5;"7";"26";"Fingo";"050726";"05-07-26"
1025;5;"7";"29";"Ntabazinduna";"050729";"05-07-29"
1026;5;"7";"33";"Mbembesi";"050733";"05-07-33"
1027;5;"7";"51";"Clay Products";"050751";"05-07-51"
1028;5;"7";"52";"Fairbridge";"050752";"05-07-52"
1029;5;"7";"53";"Unicem";"050753";"05-07-53"
1030;5;"7";"65";"Imbizo Camp";"050765";"05-07-65"
1031;5;"7";"81";"T.G.Silundika";"050781";"05-07-81"
1032;5;"7";"85";"Ntabazinduna Zps Clinic";"050785";"05-07-85"
1033;5;"7";"88";"Ntabazinduna ZRP Clinic";"050788";"05-07-88"
1034;5;"7";"91";"St James Mission";"050791";"05-07-91"
1035;5;"7";"97";"Induna";"050797";"05-07-97"
1036;5;"7";"98";"Muntu Clinic";"050798";"05-07-98"
1037;5;"7";"99";"Khami Depend Clinic";"050799";"05-07-99"
1038;6;"1";"01";"Chikwalakwala R.H.C.";"060101";"06-01-01"
1039;6;"1";"02";"Chitulipasi R.H.C.";"060102";"06-01-02"
1040;6;"1";"03";"Dite R.H.C.";"060103";"06-01-03"
1041;6;"1";"04";"Majini R.H.C.";"060104";"06-01-04"
1042;6;"1";"05";"Prison Clinic";"060105";"06-01-05"
1043;6;"1";"06";"Shabwe R.H.C.";"060106";"06-01-06"
1044;6;"1";"07";"Z.N.A. Clinic";"060107";"06-01-07"
1045;6;"1";"08";"ZRP Clinic";"060108";"06-01-08"
1046;6;"1";"09";"Nottingham R.H.C.";"060109";"06-01-09"
1047;6;"1";"0A";"Beitbridge Hospital";"06010A";"06-01-0A"
1048;6;"1";"25";"Chasvingo Clinic";"060125";"06-01-25"
1049;6;"1";"26";"Dulibadzimu Clinic";"060126";"06-01-26"
1050;6;"1";"27";"Masera Clinic";"060127";"06-01-27"
1051;6;"1";"28";"Swereki R.H.C.";"060128";"06-01-28"
1052;6;"1";"29";"Shashe Clinic";"060129";"06-01-29"
1053;6;"1";"30";"Tongwe Clinic";"060130";"06-01-30"
1054;6;"1";"31";"Zezani Clinic";"060131";"06-01-31"
1055;6;"1";"76";"Makakabule Clinic";"060176";"06-01-76"
1056;6;"1";"77";"Chamnangana Clinic";"060177";"06-01-77"
1057;6;"1";"81";"N.R.Z Clinic";"060181";"06-01-81"
1058;6;"2";"01";"Village 13 R.H.C";"060201";"06-02-01"
1059;6;"2";"02";"Huwana R.H.C.";"060202";"06-02-02"
1060;6;"2";"04";"Makhulela R.H.C.";"060204";"06-02-04"
1061;6;"2";"06";"Matjinge R.H.C.";"060206";"06-02-06"
1062;6;"2";"08";"Nswazwi R.H.C";"060208";"06-02-08"
1063;6;"2";"0B";"Lady Barring Hospita";"06020B";"06-02-0B"
1064;6;"2";"0C";"Lady Stanley Hospita";"06020C";"06-02-0C"
1065;6;"2";"20";"Hingwe R.H.C";"060220";"06-02-20"
1066;6;"2";"25";"Bombodema Clinic";"060225";"06-02-25"
1067;6;"2";"28";"Madlambudzi Clinic";"060228";"06-02-28"
1068;6;"2";"30";"Ndiweni Clinic";"060230";"06-02-30"
1069;6;"2";"31";"Sikhathini Clinic";"060231";"06-02-31"
1070;6;"2";"91";"Solusi Clinic";"060291";"06-02-91"
1071;6;"3";"01";"Gungwe R.H.C.";"060301";"06-03-01"
1072;6;"3";"02";"Magwe R.H.C.";"060302";"06-03-02"
1073;6;"3";"03";"Nhwali R.H.C.";"060303";"06-03-03"
1074;6;"3";"04";"Prison Clinic";"060304";"06-03-04"
1075;6;"3";"05";"Simbumbumbu Clinic";"060305";"06-03-05"
1076;6;"3";"06";"Stainmore R.H.C.";"060306";"06-03-06"
1077;6;"3";"07";"Z.R.P. Clinic";"060307";"06-03-07"
1078;6;"3";"08";"Z.N.A. Clinic";"060308";"06-03-08"
1079;6;"3";"09";"ZNFPC";"060309";"06-03-09"
1080;6;"3";"0A";"Gwanda Provincial Hospital";"06030A";"06-03-0A"
1081;6;"3";"0B";"Manama Hospital";"06030B";"06-03-0B"
1082;6;"3";"0C";"Mtshabezi Hospital";"06030C";"06-03-0C"
1083;6;"3";"25";"Buvuma Clinic";"060325";"06-03-25"
1084;6;"3";"26";"Kafusi Clinic";"060326";"06-03-26"
1085;6;"3";"27";"Mashaba Clinic";"060327";"06-03-27"
1086;6;"3";"28";"Mzimuni Clinic";"060328";"06-03-28"
1087;6;"3";"29";"Ntalale Clinic";"060329";"06-03-29"
1088;6;"3";"30";"Sengezane Clinic";"060330";"06-03-30"
1089;6;"3";"62";"Phakama Clinic";"060362";"06-03-62"
1090;6;"3";"63";"Selonga Clinic";"060363";"06-03-63"
1091;6;"3";"76";"Blanket Clinic";"060376";"06-03-76"
1092;6;"3";"77";"Colleen-Bawn Clinic";"060377";"06-03-77"
1093;6;"3";"78";"Freda Clinic";"060378";"06-03-78"
1094;6;"3";"79";"Jessie Clinic";"060379";"06-03-79"
1095;6;"3";"80";"Vumbachikwe Clinic";"060380";"06-03-80"
1096;6;"3";"81";"J.Z.Moyo Clinic";"060381";"06-03-81"
1097;6;"3";"82";"Zimcan Clinic";"060382";"06-03-82"
1098;6;"3";"83";"Jm Polytech Clinic";"060383";"06-03-83"
1099;6;"4";"02";"Gwatemba R.H.C.";"060402";"06-04-02"
1100;6;"4";"03";"Insiza R.H.C.";"060403";"06-04-03"
1101;6;"4";"04";"Mabuze R.H.C.";"060404";"06-04-04"
1102;6;"4";"05";"Nkankezi R.H.C.";"060405";"06-04-05"
1103;6;"4";"06";"Nyamime R.H.C.";"060406";"06-04-06"
1104;6;"4";"07";"Sanale R.H.C.";"060407";"06-04-07"
1105;6;"4";"0A";"Filabusi Hospital";"06040A";"06-04-0A"
1106;6;"4";"0B";"Shangani Hospital";"06040B";"06-04-0B"
1107;6;"4";"0C";"Avoca Hospital";"06040C";"06-04-0C"
1108;6;"4";"0D";"Wanezi Hospital";"06040D";"06-04-0D"
1109;6;"4";"25";"Singwango Clinic";"060425";"06-04-25"
1110;6;"4";"26";"Zhulube Clinic";"060426";"06-04-26"
1111;6;"4";"27";"Singwambizi Clinic";"060427";"06-04-27"
1112;6;"4";"28";"Kombo Health Post";"060428";"06-04-28"
1113;6;"4";"76";"Epoch Clinic";"060476";"06-04-76"
1114;6;"4";"77";"Shangani Clinic";"060477";"06-04-77"
1115;6;"5";"01";"Natisa R.H.C.";"060501";"06-05-01"
1116;6;"5";"02";"Sankonjane R.H.C.";"060502";"06-05-02"
1117;6;"5";"03";"Homestead R.H.C.";"060503";"06-05-03"
1118;6;"5";"04";"Beula-Seula R.H.C.";"060504";"06-05-04"
1119;6;"5";"05";"Ekukhanyeni R.H.C.";"060505";"06-05-05"
1120;6;"5";"0A";"Maphisa Hospital";"06050A";"06-05-0A"
1121;6;"5";"0B";"Kezi Hospital";"06050B";"06-05-0B"
1122;6;"5";"0C";"Matopo Hospital";"06050C";"06-05-0C"
1123;6;"5";"0D";"Tshelanyemba Hospital";"06050D";"06-05-0D"
1124;6;"5";"0E";"St.Joseph's Hospital";"06050E";"06-05-0E"
1125;6;"5";"25";"Mbembeswane R.H.C.";"060525";"06-05-25"
1126;6;"5";"27";"Boomerange Health Post";"060527";"06-05-27"
1127;6;"5";"81";"Gulati Clinic";"060581";"06-05-81"
1128;6;"5";"91";"Matopo Clinic";"060591";"06-05-91"
1129;6;"5";"92";"Bazha Clinic";"060592";"06-05-92"
1130;6;"5";"93";"Masiye Camp Health Post";"060593";"06-05-93"
1131;6;"6";"01";"Kumbudzi R.H.C.";"060601";"06-06-01"
1132;6;"6";"02";"Mbizingwe R.H.C.";"060602";"06-06-02"
1133;6;"6";"03";"Z.N.A. Clinic";"060603";"06-06-03"
1134;6;"6";"0A";"Esigodini Hospital";"06060A";"06-06-0A"
1135;6;"6";"20";"Epi Mobile";"060620";"06-06-20"
1136;6;"6";"25";"Esibomvu Clinic";"060625";"06-06-25"
1137;6;"6";"26";"Habane Clinic";"060626";"06-06-26"
1138;6;"6";"27";"Mawabeni Clinic";"060627";"06-06-27"
1139;6;"6";"28";"Mhlalandlela Clinic";"060628";"06-06-28"
1140;6;"6";"29";"Nhlangano Clinic";"060629";"06-06-29"
1141;6;"6";"30";"Nswazi Clinic";"060630";"06-06-30"
1142;6;"6";"31";"Ntshamathe Clinic";"060631";"06-06-31"
1143;6;"6";"32";"Irrisvale Clinic";"060632";"06-06-32"
1144;6;"6";"33";"Mpisini Health Post";"060633";"06-06-33"
1145;6;"6";"76";"How Mine Clinic";"060676";"06-06-76"
1146;6;"6";"81";"Agriculture Inst.";"060681";"06-06-81"
1147;6;"6";"85";"ZNFPC";"060685";"06-06-85"
1148;6;"7";"03";"Ingwizi R.H.C";"060703";"06-07-03"
1149;6;"7";"05";"Marula Clinic";"060705";"06-07-05"
1150;6;"7";"07";"Mayobodo R.H.C";"060707";"06-07-07"
1151;6;"7";"09";"Bango R.H.C";"060709";"06-07-09"
1152;6;"7";"0A";"Plumtree Hospital";"06070A";"06-07-0A"
1153;6;"7";"0D";"St Annes Mission Hosp Brunapeg";"06070D";"06-07-0D"
1154;6;"7";"0E";"Embakwe Mission Hosp";"06070E";"06-07-0E"
1155;6;"7";"27";"Madabe Clinic";"060727";"06-07-27"
1156;6;"7";"29";"Mambale Clinic";"060729";"06-07-29"
1157;6;"7";"32";"Tshitshi Clinic";"060732";"06-07-32"
1158;6;"7";"33";"Sanzukwi Clinic";"060733";"06-07-33"
1159;6;"7";"45";"Dingumuzi Clinic";"060745";"06-07-45"
1160;6;"7";"92";"Empandeni Clinic";"060792";"06-07-92"
1161;6;"7";"93";"Plumtree Prison Clinic";"060793";"06-07-93"
1162;7;"1";"01";"Chizhou Clinic";"070101";"07-01-01"
1163;7;"1";"02";"Denhere Clinic";"070102";"07-01-02"
1164;7;"1";"03";"Lynwood Clinic";"070103";"07-01-03"
1165;7;"1";"04";"Nyautonge R.H.C.";"070104";"07-01-04"
1166;7;"1";"05";"Nyikavanhu Clinic";"070105";"07-01-05"
1167;7;"1";"0A";"Mvuma Hospital";"07010A";"07-01-0A"
1168;7;"1";"0B";"Chilimanzi Hospital";"07010B";"07-01-0B"
1169;7;"1";"0C";"Driemfontein Hospita";"07010C";"07-01-0C"
1170;7;"1";"0D";"Holy Cross Hospital";"07010D";"07-01-0D"
1171;7;"1";"0E";"Muvonde Hospital";"07010E";"07-01-0E"
1172;7;"1";"0F";"St.Theressa Hospital";"07010F";"07-01-0F"
1173;7;"1";"25";"Chengwena Clinic";"070125";"07-01-25"
1174;7;"1";"26";"Hama Clinic";"070126";"07-01-26"
1175;7;"1";"27";"Siyahokwe Clinic";"070127";"07-01-27"
1176;7;"1";"45";"Lalapanzi Clinic";"070145";"07-01-45"
1177;7;"1";"51";"Zamasco Clinic";"070151";"07-01-51"
1178;7;"1";"78";"Peak Mine Clinic";"070178";"07-01-78"
1179;7;"1";"81";"Athens Clinic";"070181";"07-01-81"
1180;7;"1";"82";"Mtao Forest Clinic";"070182";"07-01-82"
1181;7;"1";"86";"Central Estates Clinic";"070186";"07-01-86"
1182;7;"2";"01";"Gwanyika R.H.C.";"070201";"07-02-01"
1183;7;"2";"02";"Kadzidirire R.H.C.";"070202";"07-02-02"
1184;7;"2";"03";"Madzivazvido R.H.C.";"070203";"07-02-03"
1185;7;"2";"04";"Musadzi R.H.C.";"070204";"07-02-04"
1186;7;"2";"05";"Mashame R.H.C.";"070205";"07-02-05"
1187;7;"2";"06";"Mateta R.H.C.";"070206";"07-02-06"
1188;7;"2";"07";"Norah R.H.C.";"070207";"07-02-07"
1189;7;"2";"08";"Nyaje R.H.C.";"070208";"07-02-08"
1190;7;"2";"09";"Simchembu R.H.C.";"070209";"07-02-09"
1191;7;"2";"0A";"Gokwe Hospital";"07020A";"07-02-0A"
1192;7;"2";"0B";"Chireya Hospital";"07020B";"07-02-0B"
1193;7;"2";"0C";"Kana Hospital";"07020C";"07-02-0C"
1194;7;"2";"0D";"Mutora Hospital";"07020D";"07-02-0D"
1195;7;"2";"10";"Tsungai R.H.C.";"070210";"07-02-10"
1196;7;"2";"11";"Svisvi Clinic";"070211";"07-02-11"
1197;7;"2";"12";"Zhamba Clinic";"070212";"07-02-12"
1198;7;"2";"13";"Cheziya Clinic";"070213";"07-02-13"
1199;7;"2";"14";"To Phone";"070214";"07-02-14"
1200;7;"2";"15";"ZRP Camp Clinic";"070215";"07-02-15"
1201;7;"2";"16";"Chitave Clinic";"070216";"07-02-16"
1202;7;"2";"17";"Mateme Sda Clinic";"070217";"07-02-17"
1203;7;"2";"19";"Jahana Clinic";"070219";"07-02-19"
1204;7;"2";"20";"Vumba Clinic";"070220";"07-02-20"
1205;7;"2";"24";"Population Services Clinic";"070224";"07-02-24"
1206;7;"2";"25";"Chemahororo Clinic";"070225";"07-02-25"
1207;7;"2";"26";"Gawa Clinic";"070226";"07-02-26"
1208;7;"2";"27";"Gumunyu Clinic";"070227";"07-02-27"
1209;7;"2";"28";"Jiri/Ndoza Clinic";"070228";"07-02-28"
1210;7;"2";"29";"Kahobo Clinic";"070229";"07-02-29"
1211;7;"2";"30";"Krima Clinic";"070230";"07-02-30"
1212;7;"2";"31";"Kuwirirana Clinic";"070231";"07-02-31"
1213;7;"2";"32";"Mangidi Clinic";"070232";"07-02-32"
1214;7;"2";"33";"Manoti Clinic";"070233";"07-02-33"
1215;7;"2";"34";"Masuka Clinic";"070234";"07-02-34"
1216;7;"2";"35";"Msala Clinic";"070235";"07-02-35"
1217;7;"2";"36";"Musita Clinic";"070236";"07-02-36"
1218;7;"2";"37";"Nyamhunga Clinic";"070237";"07-02-37"
1219;7;"2";"38";"Sai Clinic";"070238";"07-02-38"
1220;7;"2";"39";"Tongwe Clinic";"070239";"07-02-39"
1221;7;"2";"40";"Zhomba Clinic";"070240";"07-02-40"
1222;7;"2";"41";"Mokoka Clinic";"070241";"07-02-41"
1223;7;"2";"91";"Denda Clinic";"070291";"07-02-91"
1224;7;"2";"92";"Goredema Clinic";"070292";"07-02-92"
1225;7;"2";"93";"Manyoni Clinic";"070293";"07-02-93"
1226;7;"2";"94";"Mtanke Clinic";"070294";"07-02-94"
1227;7;"2";"95";"Nenyunga Clinic";"070295";"07-02-95"
1228;7;"2";"96";"Sessami Clinic";"070296";"07-02-96"
1229;7;"2";"97";"Huchu Clinic";"070297";"07-02-97"
1230;7;"2";"98";"Rubatsiro Clinic";"070298";"07-02-98"
1231;7;"3";"01";"Gunde R.H.C.";"070301";"07-03-01"
1232;7;"3";"02";"Kabanga R.H.C.";"070302";"07-03-02"
1233;7;"3";"03";"Mangwandi R.H.C.";"070303";"07-03-03"
1234;7;"3";"04";"Masvori R.H.C.";"070304";"07-03-04"
1235;7;"3";"05";"Nkululeko R.H.C.";"070305";"07-03-05"
1236;7;"3";"06";"Ntabamhlope R.H.C.";"070306";"07-03-06"
1237;7;"3";"07";"Midlands State University";"070307";"07-03-07"
1238;7;"3";"08";"Mkoba Teachers Coll.";"070308";"07-03-08"
1239;7;"3";"09";"Five Maint.";"070309";"07-03-09"
1240;7;"3";"0A";"Gweru Provincial H.";"07030A";"07-03-0A"
1241;7;"3";"0B";"Birchenough Hospital";"07030B";"07-03-0B"
1242;7;"3";"0C";"Chikwingwizha Hospital";"07030C";"07-03-0C"
1243;7;"3";"0D";"Infectious Diseases";"07030D";"07-03-0D"
1244;7;"3";"0E";"Guinea Fowl";"07030E";"07-03-0E"
1245;7;"3";"0F";"Thornhill Hospital";"07030F";"07-03-0F"
1246;7;"3";"0U";"Gweru Urban";"07030U";"07-03-0U"
1247;7;"3";"12";"Zim.Military Academy";"070312";"07-03-12"
1248;7;"3";"13";"Connemara (Justice)";"070313";"07-03-13"
1249;7;"3";"14";"Whawha (Justice)";"070314";"07-03-14"
1250;7;"3";"15";"Fletcher High School";"070315";"07-03-15"
1251;7;"3";"16";"Z.R.P. Clinic";"070316";"07-03-16"
1252;7;"3";"20";"Outreach ";"070320";"07-03-20"
1253;7;"3";"21";"Vungu Rdc Clinic";"070321";"07-03-21"
1254;7;"3";"25";"Chiwundura Clinic";"070325";"07-03-25"
1255;7;"3";"26";"Maboleni Clinic";"070326";"07-03-26"
1256;7;"3";"27";"Madikani Clinic";"070327";"07-03-27"
1257;7;"3";"28";"Makepesi Clinic";"070328";"07-03-28"
1258;7;"3";"45";"Somabhula Clinic";"070345";"07-03-45"
1259;7;"3";"46";"Vungu Clinic";"070346";"07-03-46"
1260;7;"3";"47";"Nyama";"070347";"07-03-47"
1261;7;"3";"48";"V.D.R.C.  Mobile";"070348";"07-03-48"
1262;7;"3";"51";"Bata Clinic";"070351";"07-03-51"
1263;7;"3";"52";"C.S.C.";"070352";"07-03-52"
1264;7;"3";"53";"Dairy Market. Board";"070353";"07-03-53"
1265;7;"3";"54";"Zimasco Clinic";"070354";"07-03-54"
1266;7;"3";"56";"Zimbabwe Castings";"070356";"07-03-56"
1267;7;"3";"57";"Zimglass";"070357";"07-03-57"
1268;7;"3";"62";"Mkoba 1";"070362";"07-03-62"
1269;7;"3";"63";"Mkoba Polyclinic";"070363";"07-03-63"
1270;7;"3";"64";"Monomutapa";"070364";"07-03-64"
1271;7;"3";"65";"Medical Centre";"070365";"07-03-65"
1272;7;"3";"66";"Ivene";"070366";"07-03-66"
1273;7;"3";"67";"Senga";"070367";"07-03-67"
1274;7;"3";"68";"Totonga";"070368";"07-03-68"
1275;7;"3";"69";"Claybank (Ch.Welf.)";"070369";"07-03-69"
1276;7;"3";"81";"Dabuka Clinic (Nrz)";"070381";"07-03-81"
1277;7;"3";"82";"Kariba Clinic";"070382";"07-03-82"
1278;7;"3";"83";"Lalapanzi Clinic";"070383";"07-03-83"
1279;7;"3";"84";"Netherburn";"070384";"07-03-84"
1280;7;"3";"85";"Railways (Nrz)";"070385";"07-03-85"
1281;7;"3";"91";"Lower Gweru Clinic";"070391";"07-03-91"
1282;7;"3";"92";"St.Patrick's Clinic";"070392";"07-03-92"
1283;7;"4";"01";"Dendera R.H.C.";"070401";"07-04-01"
1284;7;"4";"02";"Donza R.H.C.";"070402";"07-04-02"
1285;7;"4";"03";"Mazebe R.H.C.";"070403";"07-04-03"
1286;7;"4";"04";"Msilahobe R.H.C.";"070404";"07-04-04"
1287;7;"4";"05";"Nyoni R.H.C.";"070405";"07-04-05"
1288;7;"4";"09";"Mayoka";"070409";"07-04-09"
1289;7;"4";"0A";"Kwekwe Hospital";"07040A";"07-04-0A"
1290;7;"4";"0B";"Silobela Hospital";"07040B";"07-04-0B"
1291;7;"4";"0C";"Zhombe Hospital";"07040C";"07-04-0C"
1292;7;"4";"0D";"Torwood Hospital";"07040D";"07-04-0D"
1293;7;"4";"0U";"Kwekwe Urban";"07040U";"07-04-0U"
1294;7;"4";"20";"Epi Team";"070420";"07-04-20"
1295;7;"4";"25";"Donjuan Clinic";"070425";"07-04-25"
1296;7;"4";"26";"Exchange Clinic";"070426";"07-04-26"
1297;7;"4";"27";"Malisa Joshepha Cli.";"070427";"07-04-27"
1298;7;"4";"28";"Malisa Zhombe Clinic";"070428";"07-04-28"
1299;7;"4";"29";"Ntabeni Clinic";"070429";"07-04-29"
1300;7;"4";"30";"Samambwa Clinic";"070430";"07-04-30"
1301;7;"4";"31";"Senkwasi Clinic";"070431";"07-04-31"
1302;7;"4";"32";"Sidakeni Clinic";"070432";"07-04-32"
1303;7;"4";"33";"Silobela Clinic";"070433";"07-04-33"
1304;7;"4";"34";"Simana Clinic";"070434";"07-04-34"
1305;7;"4";"51";"Globe And Phoenix";"070451";"07-04-51"
1306;7;"4";"52";"Rio Tinto Clinic";"070452";"07-04-52"
1307;7;"4";"53";"Mlezu Clinic";"070453";"07-04-53"
1308;7;"4";"54";"Torwood Clinic";"070454";"07-04-54"
1309;7;"4";"55";"Torsteel Clinic";"070455";"07-04-55"
1310;7;"4";"56";"Zimasco Clinic";"070456";"07-04-56"
1311;7;"4";"57";"Zrdc Clinic";"070457";"07-04-57"
1312;7;"4";"58";"Zisco Works Clinic";"070458";"07-04-58"
1313;7;"4";"59";"Redcliff";"070459";"07-04-59"
1314;7;"4";"61";"Amaveni";"070461";"07-04-61"
1315;7;"4";"62";"Mbizo A";"070462";"07-04-62"
1316;7;"4";"63";"Mbizo B";"070463";"07-04-63"
1317;7;"4";"64";"Rutendo";"070464";"07-04-64"
1318;7;"4";"65";"Sebakwe";"070465";"07-04-65"
1319;7;"4";"66";"Sherwood";"070466";"07-04-66"
1320;7;"4";"76";"Community Polyclinic";"070476";"07-04-76"
1321;7;"4";"77";"Jena Mines Clinic";"070477";"07-04-77"
1322;7;"4";"81";"Gaika Clinic";"070481";"07-04-81"
1323;7;"4";"83";"Medical Centre";"070483";"07-04-83"
1324;7;"4";"84";"Tiger Reef Clinic";"070484";"07-04-84"
1325;7;"4";"85";"Munyati Clinic";"070485";"07-04-85"
1326;7;"4";"86";"Al Davies Clinic";"070486";"07-04-86"
1327;7;"4";"87";"Z.R.P. Clinic";"070487";"07-04-87"
1328;7;"4";"88";"Gomora Clinic";"070488";"07-04-88"
1329;7;"5";"01";"Gwarawa R.H.C.";"070501";"07-05-01"
1330;7;"5";"02";"Mataga R.H.C.";"070502";"07-05-02"
1331;7;"5";"03";"Mavorovondo R.H.C.";"070503";"07-05-03"
1332;7;"5";"04";"Murongwe R.H.C.";"070504";"07-05-04"
1333;7;"5";"05";"Mwanezi R.H.C.";"070505";"07-05-05"
1334;7;"5";"06";"Vurasha R.H.C.";"070506";"07-05-06"
1335;7;"5";"07";"Wanezi  R.H.C.";"070507";"07-05-07"
1336;7;"5";"08";"Kotokwe R.H.C.";"070508";"07-05-08"
1337;7;"5";"0A";"Mberengwa Hospital";"07050A";"07-05-0A"
1338;7;"5";"0B";"Jeka Hospital";"07050B";"07-05-0B"
1339;7;"5";"0C";"Masase Hospital";"07050C";"07-05-0C"
1340;7;"5";"0D";"Mnene Hospital";"07050D";"07-05-0D"
1341;7;"5";"0E";"Musume Hospital";"07050E";"07-05-0E"
1342;7;"5";"25";"Bonda Clinic";"070525";"07-05-25"
1343;7;"5";"26";"Chabwira Clinic";"070526";"07-05-26"
1344;7;"5";"27";"Chidembeko Clinic";"070527";"07-05-27"
1345;7;"5";"28";"Chingezi Clinic";"070528";"07-05-28"
1346;7;"5";"29";"Makuwerere Clinic";"070529";"07-05-29"
1347;7;"5";"30";"Matedzi Clinic";"070530";"07-05-30"
1348;7;"5";"31";"Mazivofa Clinic";"070531";"07-05-31"
1349;7;"5";"32";"Mbahuru Clinic";"070532";"07-05-32"
1350;7;"5";"33";"Mketi Clinic";"070533";"07-05-33"
1351;7;"5";"34";"Negove Clinic";"070534";"07-05-34"
1352;7;"5";"35";"Ngezi Clinic";"070535";"07-05-35"
1353;7;"5";"36";"Ngungumbane Clinic";"070536";"07-05-36"
1354;7;"5";"37";"Svita Clinic";"070537";"07-05-37"
1355;7;"5";"38";"Mponjani Clinic";"070538";"07-05-38"
1356;7;"5";"39";"Mposi Clinic";"070539";"07-05-39"
1357;7;"5";"40";"Chiedza Clinic";"070540";"07-05-40"
1358;7;"5";"41";"Vutsanana Clinic";"070541";"07-05-41"
1359;7;"5";"76";"Buchwa Mine Clinic";"070576";"07-05-76"
1360;7;"5";"77";"C.Mine Clinic";"070577";"07-05-77"
1361;7;"5";"78";"Sandawana Clinic";"070578";"07-05-78"
1362;7;"5";"79";"Buchwa Camp Clinic";"070579";"07-05-79"
1363;7;"5";"86";"Mnene Outreach";"070586";"07-05-86"
1364;7;"6";"01";"Chikato R.H.C.";"070601";"07-06-01"
1365;7;"6";"02";"Chironde R.H.C.";"070602";"07-06-02"
1366;7;"6";"03";"Chitora R.H.C.";"070603";"07-06-03"
1367;7;"6";"04";"Gwanza R.H.C.";"070604";"07-06-04"
1368;7;"6";"05";"Marishongwe R.H.C.";"070605";"07-06-05"
1369;7;"6";"06";"Rusike R.H.C.";"070606";"07-06-06"
1370;7;"6";"07";"Tana R.H.C.";"070607";"07-06-07"
1371;7;"6";"08";"Zvarota R.H.C.";"070608";"07-06-08"
1372;7;"6";"09";"Svika R.H.C.";"070609";"07-06-09"
1373;7;"6";"0A";"Shurugwi Hospital";"07060A";"07-06-0A"
1374;7;"6";"0B";"Zvamabande Hospital";"07060B";"07-06-0B"
1375;7;"6";"0C";"Chrome Mine Hospital";"07060C";"07-06-0C"
1376;7;"6";"25";"Banga Clinic";"070625";"07-06-25"
1377;7;"6";"26";"Gundura Clinic";"070626";"07-06-26"
1378;7;"6";"27";"Mazibisa Clinic";"070627";"07-06-27"
1379;7;"6";"28";"Nhema Clinic";"070628";"07-06-28"
1380;7;"6";"29";"Tongogara Clinic";"070629";"07-06-29"
1381;7;"6";"45";"Jobolinko Clinic";"070645";"07-06-45"
1382;7;"6";"46";"Makusha Clinic";"070646";"07-06-46"
1383;7;"6";"47";"Rockford Clinic";"070647";"07-06-47"
1384;7;"6";"48";"Tokwe Clinic";"070648";"07-06-48"
1385;7;"6";"77";"Iron Mine Clinic";"070677";"07-06-77"
1386;7;"6";"78";"Peak Mine Clinic";"070678";"07-06-78"
1387;7;"6";"79";"Quarry Gold Mine";"070679";"07-06-79"
1388;7;"6";"91";"Hanke Clinic";"070691";"07-06-91"
1389;7;"6";"92";"Pakame Clinic";"070692";"07-06-92"
1390;7;"7";"01";"Maketo R.H.C.";"070701";"07-07-01"
1391;7;"7";"02";"Mandava R.H.C.";"070702";"07-07-02"
1392;7;"7";"03";"Matenda R.H.C.";"070703";"07-07-03"
1393;7;"7";"04";"Vugwi R.H.C.";"070704";"07-07-04"
1394;7;"7";"05";"Vukuzenzele R.H.C.";"070705";"07-07-05"
1395;7;"7";"0A";"Zvishavane Hospital";"07070A";"07-07-0A"
1396;7;"7";"0B";"Lundi Hospital";"07070B";"07-07-0B"
1397;7;"7";"0C";"Shabane Mine Hospital";"07070C";"07-07-0C"
1398;7;"7";"20";"Epi Mobile";"070720";"07-07-20"
1399;7;"7";"25";"Gudo Clinic";"070725";"07-07-25"
1400;7;"7";"26";"Mabasa Clinic";"070726";"07-07-26"
1401;7;"7";"27";"Mapanzure Clinic";"070727";"07-07-27"
1402;7;"7";"28";"Mrowa Clinic";"070728";"07-07-28"
1403;7;"7";"29";"Mtambi Clinic";"070729";"07-07-29"
1404;7;"7";"32";"Runde Mobile";"070732";"07-07-32"
1405;7;"7";"76";"Sabi Mine Clinic";"070776";"07-07-76"
1406;7;"7";"77";"Mimosa";"070777";"07-07-77"
1407;7;"7";"78";"Medical Centre";"070778";"07-07-78"
1408;7;"7";"80";"Zvishavane Prison";"070780";"07-07-80"
1409;7;"7";"81";"Bannockburn Clinic";"070781";"07-07-81"
1410;7;"7";"82";"Family Planning";"070782";"07-07-82"
1411;7;"7";"83";"Kandodo Clinic";"070783";"07-07-83"
1412;7;"7";"84";"Maglass Clinic";"070784";"07-07-84"
1413;7;"7";"85";"ZRP Clinic";"070785";"07-07-85"
1414;7;"7";"86";"Zvishavane Polyclinic";"070786";"07-07-86"
1415;7;"8";"0A";"Gokwe Hosp";"07080A";"07-08-0A"
1416;8;"1";"01";"Chirorwe R.H.C.";"080101";"08-01-01"
1417;8;"1";"02";"Dewure I R.H.C.";"080102";"08-01-02"
1418;8;"1";"03";"Dewure Ii R.H.C.";"080103";"08-01-03"
1419;8;"1";"04";"Mukanga R.H.C.";"080104";"08-01-04"
1420;8;"1";"05";"Mukore R.H.C.";"080105";"08-01-05"
1421;8;"1";"06";"Nyika R.H.C.";"080106";"08-01-06"
1422;8;"1";"07";"Ngorima R.H.C.";"080107";"08-01-07"
1423;8;"1";"0A";"Bikita Rural Hospital";"08010A";"08-01-0A"
1424;8;"1";"0B";"Chikuku Rural Hospital";"08010B";"08-01-0B"
1425;8;"1";"0C";"Mashoko Hospital";"08010C";"08-01-0C"
1426;8;"1";"0D";"Silveira Hospital";"08010D";"08-01-0D"
1427;8;"1";"20";"Bikita Epi Mobile";"080120";"08-01-20"
1428;8;"1";"25";"Chitasa Clinic";"080125";"08-01-25"
1429;8;"1";"26";"Hozvi Clinic";"080126";"08-01-26"
1430;8;"1";"27";"Mandara Clinic";"080127";"08-01-27"
1431;8;"1";"28";"Marozva Clinic";"080128";"08-01-28"
1432;8;"1";"29";"Odzi Clinic";"080129";"08-01-29"
1433;8;"1";"30";"Negovani Clinic";"080130";"08-01-30"
1434;8;"1";"31";"Murwira Clinic";"080131";"08-01-31"
1435;8;"1";"32";"Mungezi R.H.C.";"080132";"08-01-32"
1436;8;"1";"33";"Mutikizizi R.H.C.";"080133";"08-01-33"
1437;8;"1";"34";"Gangare R.H.C.";"080134";"08-01-34"
1438;8;"1";"35";"Gava R.H.C.";"080135";"08-01-35"
1439;8;"1";"76";"Bikita Minerals Clinic";"080176";"08-01-76"
1440;8;"2";"01";"Chambuta Clinic";"080201";"08-02-01"
1441;8;"2";"02";"Chilonga R.H.C.";"080202";"08-02-02"
1442;8;"2";"04";"Chizvirizvi R.H.C.";"080204";"08-02-04"
1443;8;"2";"05";"Dzavata R.H.C.";"080205";"08-02-05"
1444;8;"2";"06";"Gezani R.H.C.";"080206";"08-02-06"
1445;8;"2";"07";"Malipati R.H.C.";"080207";"08-02-07"
1446;8;"2";"08";"Mhlanguleni R.H.C.";"080208";"08-02-08"
1447;8;"2";"09";"Muteyo R.H.C.";"080209";"08-02-09"
1448;8;"2";"0A";"Chiredzi Hospital";"08020A";"08-02-0A"
1449;8;"2";"0B";"Chikombedzi Hospital";"08020B";"08-02-0B"
1450;8;"2";"0C";"Hippo Valley Hospital";"08020C";"08-02-0C"
1451;8;"2";"0D";"Triangle Hospital";"08020D";"08-02-0D"
1452;8;"2";"10";"Nyambange R.H.C.";"080210";"08-02-10"
1453;8;"2";"12";"Old Boli R.H.C.";"080212";"08-02-12"
1454;8;"2";"13";"Samu R.H.C.";"080213";"08-02-13"
1455;8;"2";"14";"Pahlela Clinic";"080214";"08-02-14"
1456;8;"2";"17";"Chiredzi Prison Clinic";"080217";"08-02-17"
1457;8;"2";"18";"Z.R.P.";"080218";"08-02-18"
1458;8;"2";"20";"Chiredzi Epi Mobile";"080220";"08-02-20"
1459;8;"2";"25";"Chibvedziva Clinic";"080225";"08-02-25"
1460;8;"2";"26";"Chipiwa Clinic";"080226";"08-02-26"
1461;8;"2";"27";"St.Joseph Clinic";"080227";"08-02-27"
1462;8;"2";"28";"Dumisa Clinic";"080228";"08-02-28"
1463;8;"2";"29";"Porepore Clinic";"080229";"08-02-29"
1464;8;"2";"30";"Rupangwana Clinic";"080230";"08-02-30"
1465;8;"2";"31";"Rutandare Clinic";"080231";"08-02-31"
1466;8;"2";"32";"Chitsa Ii Clinic";"080232";"08-02-32"
1467;8;"2";"33";"Tsovani Clinic";"080233";"08-02-33"
1468;8;"2";"34";"Makambe Clinic";"080234";"08-02-34"
1469;8;"2";"82";"Mkwasine Clinic";"080282";"08-02-82"
1470;8;"2";"84";"Z.S.A.";"080284";"08-02-84"
1471;8;"2";"85";"N.R.Z.";"080285";"08-02-85"
1472;8;"2";"91";"Damarakanaka Clinic";"080291";"08-02-91"
1473;8;"2";"92";"Chingele Clinic";"080292";"08-02-92"
1474;8;"3";"02";"Chigwikwi R.H.C.";"080302";"08-03-02"
1475;8;"3";"03";"Mandamabwe R.H.C.";"080303";"08-03-03"
1476;8;"3";"04";"Ngundu R.H.C.";"080304";"08-03-04"
1477;8;"3";"05";"Razi R.H.C.";"080305";"08-03-05"
1478;8;"3";"07";"Takavarasha R.H.C.";"080307";"08-03-07"
1479;8;"3";"08";"Nyahombe R.H.C.";"080308";"08-03-08"
1480;8;"3";"0A";"Chivi District Hospital";"08030A";"08-03-0A"
1481;8;"3";"0B";"Chivi Rural Hospital";"08030B";"08-03-0B"
1482;8;"3";"0C";"Berejena Mission Hospital";"08030C";"08-03-0C"
1483;8;"3";"25";"Chifedza Clinic";"080325";"08-03-25"
1484;8;"3";"26";"Davira Clinic";"080326";"08-03-26"
1485;8;"3";"27";"Madamombe Clinic";"080327";"08-03-27"
1486;8;"3";"28";"Shindi Satellite Cl";"080328";"08-03-28"
1487;8;"4";"01";"Mushaviri R.H.C.";"080401";"08-04-01"
1488;8;"4";"02";"Majada R.H.C.";"080402";"08-04-02"
1489;8;"4";"03";"Matizha R.H.C.";"080403";"08-04-03"
1490;8;"4";"04";"Mutema R.H.C.";"080404";"08-04-04"
1491;8;"4";"05";"Nemashakwe R.H.C.";"080405";"08-04-05"
1492;8;"4";"06";"Soti Source R.H.C.";"080406";"08-04-06"
1493;8;"4";"08";"Chitando R.H.C.";"080408";"08-04-08"
1494;8;"4";"09";"Zvavahera R.H.C.";"080409";"08-04-09"
1495;8;"4";"0A";"Gutu Rural Hospital";"08040A";"08-04-0A"
1496;8;"4";"0B";"Chimombe Rural Hosp";"08040B";"08-04-0B"
1497;8;"4";"0D";"Chinyika Hospital";"08040D";"08-04-0D"
1498;8;"4";"0E";"Gutu Mission Hospital";"08040E";"08-04-0E"
1499;8;"4";"25";"Cheshuro Clinic";"080425";"08-04-25"
1500;8;"4";"26";"Denhere Clinic";"080426";"08-04-26"
1501;8;"4";"27";"Dewure Clinic";"080427";"08-04-27"
1502;8;"4";"28";"Magombedze Clinic";"080428";"08-04-28"
1503;8;"4";"29";"Mazuru Clinic";"080429";"08-04-29"
1504;8;"4";"30";"Munyikwa Clinic";"080430";"08-04-30"
1505;8;"4";"31";"Nyazvidzi Clinic";"080431";"08-04-31"
1506;8;"4";"32";"Zinhata Clinic";"080432";"08-04-32"
1507;8;"4";"33";"Tirizi Satellite Cl";"080433";"08-04-33"
1508;8;"4";"34";"Chiwore R.H.C.";"080434";"08-04-34"
1509;8;"4";"35";"Magombedze Chitsa Clinic";"080435";"08-04-35"
1510;8;"4";"36";"Chipiri";"080436";"08-04-36"
1511;8;"4";"37";"Dambaro";"080437";"08-04-37"
1512;8;"4";"38";"Matomuse";"080438";"08-04-38"
1513;8;"4";"76";"Population Health Clinic";"080476";"08-04-76"
1514;8;"4";"91";"Serima Clinic";"080491";"08-04-91"
1515;8;"4";"92";"Mutero R.H.C.";"080492";"08-04-92"
1516;8;"4";"93";"Mukaro Mission Clinic";"080493";"08-04-93"
1517;8;"5";"01";"Alvord R.H.C.";"080501";"08-05-01"
1518;8;"5";"02";"Mukosi R.H.C.";"080502";"08-05-02"
1519;8;"5";"03";"Mushandike R.H.C.";"080503";"08-05-03"
1520;8;"5";"04";"Musvovi R.H.C.";"080504";"08-05-04"
1521;8;"5";"05";"Mutimurefu R.H.C.";"080505";"08-05-05"
1522;8;"5";"06";"Nemamwa R.H.C.";"080506";"08-05-06"
1523;8;"5";"07";"Nyikavanhu R.H.C.";"080507";"08-05-07"
1524;8;"5";"08";"Z.R.P. Clinic";"080508";"08-05-08"
1525;8;"5";"09";"41.Brigade Clinic";"080509";"08-05-09"
1526;8;"5";"0A";"Masvingo Provincial";"08050A";"08-05-0A"
1527;8;"5";"0B";"Ngomahura Psy.Hospital";"08050B";"08-05-0B"
1528;8;"5";"0C";"Nyajena Rural Hospital";"08050C";"08-05-0C"
1529;8;"5";"0D";"Morgenster Mission";"08050D";"08-05-0D"
1530;8;"5";"0E";"Gokomere Mission Cl";"08050E";"08-05-0E"
1531;8;"5";"0F";"Gaths Mine Hospital";"08050F";"08-05-0F"
1532;8;"5";"10";"Masv.Teach.Coll.Clinic";"080510";"08-05-10"
1533;8;"5";"11";"Masvingo Tech College Clinic";"080511";"08-05-11"
1534;8;"5";"12";"Sommerton R.H.C.";"080512";"08-05-12"
1535;8;"5";"20";"Masvingo Epi Mobile";"080520";"08-05-20"
1536;8;"5";"25";"Chakumbira Clinic";"080525";"08-05-25"
1537;8;"5";"26";"Chatikobo Clinic";"080526";"08-05-26"
1538;8;"5";"27";"Gundura Clinic";"080527";"08-05-27"
1539;8;"5";"28";"Mapanzure Clinic";"080528";"08-05-28"
1540;8;"5";"29";"Masvingo Prison  Clinic";"080529";"08-05-29"
1541;8;"5";"30";"Bere Clinic";"080530";"08-05-30"
1542;8;"5";"31";"Murinye Clinic";"080531";"08-05-31"
1543;8;"5";"32";"Rukovo Clinic";"080532";"08-05-32"
1544;8;"5";"33";"Shumba Clinic";"080533";"08-05-33"
1545;8;"5";"34";"Zimuto B.C. Clinic";"080534";"08-05-34"
1546;8;"5";"35";"Mucheke Clinic";"080535";"08-05-35"
1547;8;"5";"36";"Zano Clinic";"080536";"08-05-36"
1548;8;"5";"40";"Guwa R.H.C.";"080540";"08-05-40"
1549;8;"5";"41";"Gurajena R.H.C.";"080541";"08-05-41"
1550;8;"5";"42";"Stanmore R.H.C.";"080542";"08-05-42"
1551;8;"5";"43";"Zvamahonde";"080543";"08-05-43"
1552;8;"5";"44";"Ngomahuru R.H.C.";"080544";"08-05-44"
1553;8;"5";"76";"Renco Mine Clinic";"080576";"08-05-76"
1554;8;"5";"77";"Lennox Mine Clinic";"080577";"08-05-77"
1555;8;"5";"81";"Mazorodze Clinic";"080581";"08-05-81"
1556;8;"5";"82";"Rujeko Clinic";"080582";"08-05-82"
1557;8;"5";"83";"Runyararo Clinic";"080583";"08-05-83"
1558;8;"5";"91";"Bondolfi Clinic";"080591";"08-05-91"
1559;8;"5";"92";"Shonganiso Clinic";"080592";"08-05-92"
1560;8;"5";"93";"Zimuto Mission Clinic";"080593";"08-05-93"
1561;8;"5";"95";"Masv.Mission Mobile";"080595";"08-05-95"
1562;8;"6";"01";"Chimbudzi R.H.C.";"080601";"08-06-01"
1563;8;"6";"02";"Chirindi R.H.C.";"080602";"08-06-02"
1564;8;"6";"03";"Chizumba R.H.C.";"080603";"08-06-03"
1565;8;"6";"04";"Maranda Sub R.H.C.";"080604";"08-06-04"
1566;8;"6";"05";"Nehanda R.H.C.";"080605";"08-06-05"
1567;8;"6";"06";"Rutenga Clinic";"080606";"08-06-06"
1568;8;"6";"0A";"Neshuro Diistrict Hospital";"08060A";"08-06-0A"
1569;8;"6";"0B";"Matibi Mission Hosp";"08060B";"08-06-0B"
1570;8;"6";"20";"Mwenezi Epi Mobile";"080620";"08-06-20"
1571;8;"6";"25";"Mazetese Clinic";"080625";"08-06-25"
1572;8;"6";"27";"Mushava Clinic";"080627";"08-06-27"
1573;8;"6";"28";"Mwenezi Clinic";"080628";"08-06-28"
1574;8;"6";"29";"Murove Clinic";"080629";"08-06-29"
1575;8;"6";"30";"Mlelezi Clinic";"080630";"08-06-30"
1576;8;"6";"31";"Boterere Clinic";"080631";"08-06-31"
1577;8;"6";"81";"Rutenga Clinic";"080681";"08-06-81"
1578;8;"6";"82";"M.D.C. Clinic";"080682";"08-06-82"
1579;8;"6";"91";"Maranda Clinic";"080691";"08-06-91"
1580;8;"6";"92";"Lundi Clinic";"080692";"08-06-92"
1581;8;"7";"01";"Chipinda R.H.C.";"080701";"08-07-01"
1582;8;"7";"02";"Harava R.H.C.";"080702";"08-07-02"
1583;8;"7";"03";"Nemauku R.H.C.";"080703";"08-07-03"
1584;8;"7";"04";"Svuure R.H.C.";"080704";"08-07-04"
1585;8;"7";"05";"Zibwowa R.H.C.";"080705";"08-07-05"
1586;8;"7";"0A";"Ndanga Hospital";"08070A";"08-07-0A"
1587;8;"7";"0C";"Musiso Hospital";"08070C";"08-07-0C"
1588;8;"7";"20";"Zaka Epi Mobile";"080720";"08-07-20"
1589;8;"7";"25";"Bota Clinic";"080725";"08-07-25"
1590;8;"7";"26";"Bvukururu Clinic";"080726";"08-07-26"
1591;8;"7";"27";"Chinyabako Clinic";"080727";"08-07-27"
1592;8;"7";"29";"Chiredzana Clinic";"080729";"08-07-29"
1593;8;"7";"30";"Fube Clinic";"080730";"08-07-30"
1594;8;"7";"32";"Jichidza Clinic";"080732";"08-07-32"
1595;8;"7";"33";"Mushaya Clinic";"080733";"08-07-33"
1596;8;"7";"34";"Ndanga Clinic";"080734";"08-07-34"
1597;8;"7";"35";"Nhema Clinic";"080735";"08-07-35"
1598;8;"7";"36";"Nyakunhuwa Clinic";"080736";"08-07-36"
1599;8;"7";"37";"Siyawareva Clinic";"080737";"08-07-37"
1600;8;"7";"38";"Veza Clinic";"080738";"08-07-38"
1601;8;"7";"40";"Jerera Satelite Clinic";"080740";"08-07-40"
1602;8;"7";"91";"Jichidza Mission";"080791";"08-07-91"
1603;9;"A";"01";"Emakhandeni Day Clinic";"090A01";"09-0A-01"
1604;9;"A";"02";"Tshabalala Clinic";"090A02";"09-0A-02"
1605;9;"A";"03";"E.F.Watson Clinic";"090A03";"09-0A-03"
1606;9;"A";"04";"Entumbane Clinic";"090A04";"09-0A-04"
1607;9;"A";"05";"Khami Road Clinic";"090A05";"09-0A-05"
1608;9;"A";"06";"Luveve Clinic";"090A06";"09-0A-06"
1609;9;"A";"07";"Magwegwe Clinic";"090A07";"09-0A-07"
1610;9;"A";"08";"Mzilikazi Clinic";"090A08";"09-0A-08"
1611;9;"A";"09";"Njube Clinic";"090A09";"09-0A-09"
1612;9;"A";"0A";"Lady Rodwell";"090A0A";"09-0A-0A"
1613;9;"A";"0E";"Thorngrove";"090A0E";"09-0A-0E"
1614;9;"A";"0G";"Mater Dei";"090A0G";"09-0A-0G"
1615;9;"A";"0H";"Richard Morris";"090A0H";"09-0A-0H"
1616;9;"A";"0I";"Ingutsheni Hospital";"090A0I";"09-0A-0I"
1617;9;"A";"10";"Nkulumane Clinic";"090A10";"09-0A-10"
1618;9;"A";"11";"Pelandaba Clinic";"090A11";"09-0A-11"
1619;9;"A";"12";"Princess Margareth";"090A12";"09-0A-12"
1620;9;"A";"13";"Pumula Clinic";"090A13";"09-0A-13"
1621;9;"A";"14";"Dr.Shenan Clinic";"090A14";"09-0A-14"
1622;9;"A";"16";"Central Clinic";"090A16";"09-0A-16"
1623;9;"A";"17";"Nketa Clinic";"090A17";"09-0A-17"
1624;9;"A";"18";"Northern Surban  Clinic";"090A18";"09-0A-18"
1625;9;"A";"19";"King's Maternity";"090A19";"09-0A-19"
1626;9;"A";"20";"Jubilee Clinic";"090A20";"09-0A-20"
1627;9;"A";"21";"Maternal Health Clinic";"090A21";"09-0A-21"
1628;9;"A";"22";"Galen House Clinic";"090A22";"09-0A-22"
1629;9;"A";"23";"Marondera Polyclinic";"090A23";"09-0A-23"
1630;9;"A";"24";"Family Medical Clinic";"090A24";"09-0A-24"
1631;9;"A";"25";"Elons Clinic";"090A25";"09-0A-25"
1632;9;"A";"27";"Cowdray Park Clinic";"090A27";"09-0A-27"
1633;9;"A";"28";"Silver Oaks Medical Centre";"090A28";"09-0A-28"
1634;9;"A";"29";"Patient Wise Clinic";"090A29";"09-0A-29"
1635;9;"A";"30";"Family Health Clinic";"090A30";"09-0A-30"
1636;9;"A";"31";"24 Hour Medical Centre";"090A31";"09-0A-31"
1637;9;"A";"32";"Main Street";"090A32";"09-0A-32"
1638;9;"A";"33";"Maqhawe Clinic";"090A33";"09-0A-33"
1639;9;"A";"35";"Pumula South Clinic";"090A35";"09-0A-35"
1640;9;"A";"36";"Tembi Home Health Centre";"090A36";"09-0A-36"
1641;9;"A";"37";"Medical Chambers Cnt";"090A37";"09-0A-37"
1642;9;"A";"39";"Dr W Ndebele";"090A39";"09-0A-39"
1643;9;"B";"01";"Ingutsheni";"090B01";"09-0B-01"
1644;9;"C";"02";"U.B.H";"090C02";"09-0C-02"
1645;9;"C";"0C";"UBH";"090C0C";"09-0C-0C"
1646;9;"D";"02";"Mpilo Hospital";"090D02";"09-0D-02"
